CHILD,SEX,DOB,DUC,LA,YEAR
77939,2,09/09/2001,05/09/2019,East Sussex,2023
43345,1,20/01/2002,16/01/2020,West Berkshire,2021
70814,2,04/02/2003,30/01/2021,West Sussex,2021
64729,2,28/01/2002,24/01/2020,East Sussex,2020
927,2,30/10/2001,26/10/2019,Oxfordshire,2022
10006,1,01/10/2000,27/09/2018,Bracknell Forest,2024
15639,1,13/02/2002,09/02/2020,Brighton and Hove,2019
76769,2,07/07/2000,03/07/2018,Buckinghamshire,2019
80607,2,29/07/2002,24/07/2020,Wokingham,2023
71701,1,12/11/2000,08/11/2018,West Berkshire,2022
23421,1,04/07/2000,30/06/2018,Oxfordshire,2020
64156,1,09/03/2003,04/03/2021,Isle of Wight,2021
10478,1,02/05/2001,28/04/2019,Kent,2020
99145,2,22/02/2001,18/02/2019,Milton Keynes,2024
77968,1,29/05/2001,25/05/2019,East Sussex,2021
188847,1,10/12/2007,05/12/2025,Buckinghamshire,2021
109086,1,07/08/2005,03/08/2023,Portsmouth,2020
151355,1,29/10/2003,24/10/2021,Slough,2019
108462,2,16/12/2004,12/12/2022,West Berkshire,2019
126425,2,18/07/2002,13/07/2020,Kent,2019
145063,1,18/07/2003,13/07/2021,Medway,2021
189721,1,09/05/2005,05/05/2023,Surrey,2019
193044,1,16/07/2005,12/07/2023,Hampshire,2024
124666,1,01/07/2000,27/06/2018,Oxfordshire,2022
158304,2,02/10/2005,28/09/2023,Milton Keynes,2019
184391,1,07/09/2007,02/09/2025,Bracknell Forest,2023
104769,1,01/07/2002,26/06/2020,Slough,2023
141799,2,10/12/2003,05/12/2021,Oxfordshire,2019
167167,1,25/05/2002,20/05/2020,Windsor and Maidenhead,2024
111839,2,18/03/2005,14/03/2023,West Sussex,2024
158403,1,16/10/2000,12/10/2018,Windsor and Maidenhead,2024
160968,1,02/03/2007,25/02/2025,Wokingham,2019
109587,1,29/09/2003,24/09/2021,Isle of Wight,2022
181906,1,28/11/2002,23/11/2020,East Sussex,2024
171556,2,05/06/2006,31/05/2024,Medway,2021
155216,2,05/02/2008,31/01/2026,West Berkshire,2024
147118,2,10/01/2008,05/01/2026,Isle of Wight,2020
164735,1,11/08/2002,06/08/2020,Buckinghamshire,2019
131878,1,07/12/2007,02/12/2025,Kent,2023
176994,2,02/09/2002,28/08/2020,Wokingham,2024
140673,2,10/08/2004,06/08/2022,Wokingham,2023
104714,2,23/11/2007,18/11/2025,Brighton and Hove,2022
138786,1,14/06/2006,09/06/2024,Portsmouth,2020
160063,2,04/02/2004,30/01/2022,Wokingham,2022
141345,1,03/03/2006,27/02/2024,Brighton and Hove,2022
150403,2,28/12/2005,24/12/2023,Brighton and Hove,2019
159993,1,17/10/2005,13/10/2023,Hampshire,2023
156738,2,23/08/2001,19/08/2019,Slough,2023
101396,1,31/07/2006,26/07/2024,West Sussex,2019
168732,1,02/01/2002,29/12/2019,East Sussex,2021
135023,1,24/11/2000,20/11/2018,Wokingham,2023
102601,2,25/05/2003,20/05/2021,Isle of Wight,2021
154485,1,25/06/2003,20/06/2021,Bracknell Forest,2023
131676,1,18/12/2002,13/12/2020,Windsor and Maidenhead,2022
122056,1,10/01/2008,05/01/2026,Southampton,2021
112333,1,13/03/2008,09/03/2026,West Sussex,2022
153065,2,23/03/2008,19/03/2026,West Berkshire,2023
191762,2,21/02/2004,16/02/2022,West Sussex,2023
100927,2,12/08/2007,07/08/2025,Brighton and Hove,2022
134203,2,23/07/2003,18/07/2021,Surrey,2022
113184,1,22/10/2005,18/10/2023,Wokingham,2019
152033,2,01/03/2008,25/02/2026,East Sussex,2020
133861,2,06/02/2001,02/02/2019,Milton Keynes,2023
130052,1,14/06/2002,09/06/2020,Bracknell Forest,2023
108963,1,16/09/2007,11/09/2025,West Sussex,2019
144875,1,05/12/2003,30/11/2021,Wokingham,2020
141339,2,03/10/2007,28/09/2025,Brighton and Hove,2022
145321,1,24/12/2004,20/12/2022,Slough,2019
175695,2,14/10/2006,09/10/2024,Milton Keynes,2021
108681,1,23/07/2006,18/07/2024,Buckinghamshire,2022
119076,2,04/07/2003,29/06/2021,West Berkshire,2022
157315,1,02/07/2006,27/06/2024,Brighton and Hove,2023
103672,1,06/01/2002,02/01/2020,Portsmouth,2019
118259,2,14/09/2000,10/09/2018,Medway,2019
144296,1,20/06/2003,15/06/2021,Brighton and Hove,2022
161030,2,06/07/2006,01/07/2024,West Sussex,2019
177281,2,01/12/2002,26/11/2020,Hampshire,2023
154309,2,27/03/2008,23/03/2026,Wokingham,2023
134086,1,18/04/2003,13/04/2021,Portsmouth,2024
190034,1,05/11/2005,01/11/2023,Milton Keynes,2023
122253,1,19/04/2004,15/04/2022,Brighton and Hove,2019
142855,1,13/09/2002,08/09/2020,Bracknell Forest,2022
199053,1,30/12/2006,25/12/2024,Oxfordshire,2021
177206,2,10/03/2001,06/03/2019,Kent,2021
123197,2,10/05/2004,06/05/2022,Slough,2019
178929,2,01/03/2007,24/02/2025,Isle of Wight,2019
105259,1,31/08/2001,27/08/2019,Brighton and Hove,2020
165777,1,07/01/2008,02/01/2026,Southampton,2024
179916,2,31/07/2006,26/07/2024,Reading,2023
149532,2,10/11/2007,05/11/2025,Reading,2021
143787,2,30/03/2003,25/03/2021,Wokingham,2020
161873,2,13/07/2006,08/07/2024,Oxfordshire,2019
104428,2,12/04/2002,07/04/2020,West Sussex,2020
164589,1,07/10/2003,02/10/2021,Isle of Wight,2020
186715,2,28/05/2001,24/05/2019,West Sussex,2023
139369,1,02/07/2003,27/06/2021,Buckinghamshire,2020
117700,1,27/06/2000,23/06/2018,Buckinghamshire,2024
163370,2,14/05/2002,09/05/2020,Buckinghamshire,2022
141613,2,18/07/2000,14/07/2018,East Sussex,2022
180365,1,05/10/2005,01/10/2023,Bracknell Forest,2024
170712,2,23/01/2006,19/01/2024,Oxfordshire,2024
131698,2,25/07/2005,21/07/2023,Isle of Wight,2020
148382,1,13/09/2004,09/09/2022,Kent,2022
101253,2,29/03/2006,24/03/2024,Wokingham,2019
110408,2,17/09/2003,12/09/2021,Hampshire,2023
153200,2,31/03/2001,27/03/2019,Portsmouth,2024
188156,2,15/09/2002,10/09/2020,Milton Keynes,2019
167586,1,15/11/2000,11/11/2018,Surrey,2022
105391,2,10/09/2002,05/09/2020,Brighton and Hove,2020
106383,1,14/08/2000,10/08/2018,Portsmouth,2019
142731,1,08/06/2001,04/06/2019,Reading,2023
188304,2,01/04/2006,27/03/2024,Slough,2024
143491,1,01/10/2003,26/09/2021,Oxfordshire,2022
109278,1,20/08/2004,16/08/2022,Milton Keynes,2021
100339,1,01/05/2002,26/04/2020,Buckinghamshire,2024
183980,2,22/05/2007,17/05/2025,Southampton,2021
198991,1,17/11/2005,13/11/2023,Brighton and Hove,2020
110874,2,24/04/2000,20/04/2018,East Sussex,2023
154307,2,12/05/2007,07/05/2025,Portsmouth,2023
192861,1,26/06/2000,22/06/2018,Portsmouth,2019
163064,2,09/07/2003,04/07/2021,Brighton and Hove,2024
242485,2,22/01/2009,18/01/2027,Hampshire,2024
203185,1,12/07/2006,07/07/2024,Brighton and Hove,2019
253585,1,04/08/2001,31/07/2019,Wokingham,2021
244325,1,18/09/2009,14/09/2027,Brighton and Hove,2023
276636,2,01/07/2004,27/06/2022,Medway,2023
207200,1,14/05/2000,10/05/2018,Brighton and Hove,2023
279386,1,21/04/2009,17/04/2027,Portsmouth,2019
202395,2,09/08/2005,05/08/2023,Wokingham,2023
293726,2,20/05/2008,16/05/2026,Bracknell Forest,2021
291821,1,27/11/2006,22/11/2024,Portsmouth,2022
265962,2,10/02/2004,05/02/2022,Bracknell Forest,2022
252306,1,03/04/2004,30/03/2022,Portsmouth,2022
207701,2,22/07/2000,18/07/2018,Milton Keynes,2023
238440,2,22/11/2006,17/11/2024,Oxfordshire,2023
289674,1,29/03/2009,25/03/2027,Windsor and Maidenhead,2020
299336,1,13/12/2001,09/12/2019,Windsor and Maidenhead,2022
223927,1,08/01/2003,03/01/2021,Milton Keynes,2019
250812,2,12/12/2007,07/12/2025,Milton Keynes,2024
293706,2,04/10/2001,30/09/2019,Windsor and Maidenhead,2023
248004,2,18/10/2006,13/10/2024,West Sussex,2023
231378,1,02/12/2005,28/11/2023,Southampton,2024
212151,2,06/09/2006,01/09/2024,West Berkshire,2021
256288,2,04/10/2003,29/09/2021,East Sussex,2019
257639,1,18/09/2003,13/09/2021,Windsor and Maidenhead,2021
275562,2,05/06/2007,31/05/2025,East Sussex,2019
243052,2,16/06/2003,11/06/2021,Hampshire,2021
258401,2,12/02/2005,08/02/2023,Hampshire,2022
219031,2,16/12/2004,12/12/2022,Kent,2019
237356,2,03/03/2010,27/02/2028,Surrey,2020
257772,2,22/10/2003,17/10/2021,Hampshire,2022
221698,1,10/06/2005,06/06/2023,Brighton and Hove,2022
277547,2,11/08/2007,06/08/2025,West Sussex,2023
221514,1,22/03/2002,17/03/2020,Portsmouth,2019
228918,2,09/08/2007,04/08/2025,Isle of Wight,2022
297904,1,28/09/2002,23/09/2020,Portsmouth,2022
215401,2,01/10/2007,26/09/2025,Portsmouth,2021
215273,1,29/07/2003,24/07/2021,Wokingham,2019
234432,2,11/08/2006,06/08/2024,Kent,2022
251428,1,14/08/2009,10/08/2027,Oxfordshire,2020
233004,2,11/07/2001,07/07/2019,Milton Keynes,2022
212806,2,06/05/2006,01/05/2024,Portsmouth,2022
284058,2,27/04/2008,23/04/2026,Hampshire,2024
250575,2,18/08/2004,14/08/2022,Portsmouth,2020
238182,2,21/03/2006,16/03/2024,Surrey,2023
259611,1,06/09/2007,01/09/2025,Surrey,2022
233062,2,26/10/2000,22/10/2018,Windsor and Maidenhead,2021
249818,1,11/06/2007,06/06/2025,Brighton and Hove,2020
260919,2,21/12/2007,16/12/2025,Buckinghamshire,2023
250744,2,24/11/2002,19/11/2020,Wokingham,2021
268860,2,14/03/2004,10/03/2022,Windsor and Maidenhead,2019
290218,1,05/03/2005,01/03/2023,Wokingham,2021
244990,1,13/02/2003,08/02/2021,West Sussex,2019
232399,2,04/08/2000,31/07/2018,Buckinghamshire,2024
289406,2,20/03/2007,15/03/2025,Wokingham,2020
289131,2,18/01/2004,13/01/2022,Bracknell Forest,2022
276623,2,29/08/2008,25/08/2026,Bracknell Forest,2021
209281,2,17/10/2009,13/10/2027,Milton Keynes,2020
240046,1,25/11/2007,20/11/2025,Surrey,2022
297104,2,09/06/2003,04/06/2021,Isle of Wight,2024
243284,2,23/02/2005,19/02/2023,Bracknell Forest,2021
282493,2,30/04/2003,25/04/2021,Isle of Wight,2022
229679,2,09/03/2006,04/03/2024,Wokingham,2021
273253,2,02/07/2004,28/06/2022,Medway,2019
296316,1,15/10/2003,10/10/2021,Isle of Wight,2023
225404,2,03/09/2009,30/08/2027,Reading,2021
243904,2,26/09/2001,22/09/2019,Bracknell Forest,2024
223450,1,09/12/2002,04/12/2020,Isle of Wight,2021
259130,2,13/12/2001,09/12/2019,Surrey,2024
286590,2,25/10/2007,20/10/2025,West Berkshire,2022
298204,1,05/07/2005,01/07/2023,West Berkshire,2023
251062,1,01/04/2009,28/03/2027,Milton Keynes,2022
244564,1,11/07/2006,06/07/2024,Kent,2021
282266,1,18/04/2004,14/04/2022,West Berkshire,2021
298562,2,23/11/2004,19/11/2022,Portsmouth,2019
239191,2,15/12/2000,11/12/2018,Medway,2021
201957,2,25/11/2004,21/11/2022,Isle of Wight,2022
256987,1,14/04/2006,09/04/2024,East Sussex,2019
264682,2,21/06/2006,16/06/2024,Windsor and Maidenhead,2021
249886,1,05/06/2001,01/06/2019,Wokingham,2021
259746,1,11/11/2007,06/11/2025,Wokingham,2022
233476,2,14/02/2004,09/02/2022,Buckinghamshire,2021
262642,2,05/04/2003,31/03/2021,Oxfordshire,2021
259050,1,21/01/2001,17/01/2019,Portsmouth,2022
231572,1,03/08/2004,30/07/2022,Isle of Wight,2020
277248,2,25/06/2006,20/06/2024,West Sussex,2019
211325,1,06/09/2008,02/09/2026,Hampshire,2020
224097,1,19/10/2008,15/10/2026,Isle of Wight,2022
255360,1,08/10/2005,04/10/2023,Kent,2020
284896,1,18/06/2002,13/06/2020,Kent,2021
251870,2,14/10/2006,09/10/2024,Milton Keynes,2019
211862,1,21/09/2005,17/09/2023,Wokingham,2021
271022,2,12/10/2009,08/10/2027,Slough,2021
225388,2,04/06/2005,31/05/2023,Southampton,2020
242645,1,15/05/2007,10/05/2025,Isle of Wight,2020
281455,1,08/12/2004,04/12/2022,Medway,2023
250790,1,18/09/2005,14/09/2023,Medway,2019
268503,1,25/03/2008,21/03/2026,West Berkshire,2020
216713,2,12/07/2001,08/07/2019,Medway,2020
285476,1,18/11/2004,14/11/2022,Milton Keynes,2022
217144,1,05/07/2004,01/07/2022,Milton Keynes,2022
205404,1,26/12/2004,22/12/2022,Brighton and Hove,2024
260816,2,14/02/2004,09/02/2022,East Sussex,2020
200112,2,01/04/2002,27/03/2020,Wokingham,2022
277621,2,12/06/2003,07/06/2021,West Berkshire,2023
264984,1,04/08/2001,31/07/2019,Buckinghamshire,2024
261436,1,27/01/2010,23/01/2028,West Sussex,2019
210229,1,11/08/2006,06/08/2024,Southampton,2019
254072,2,06/12/2004,02/12/2022,Oxfordshire,2023
200186,2,13/10/2003,08/10/2021,Kent,2020
280822,1,10/09/2002,05/09/2020,Windsor and Maidenhead,2022
207095,2,26/07/2000,22/07/2018,Brighton and Hove,2021
218152,1,05/02/2004,31/01/2022,Southampton,2019
206336,1,07/08/2000,03/08/2018,East Sussex,2021
224093,2,21/03/2007,16/03/2025,Wokingham,2020
284704,2,04/01/2009,31/12/2026,Brighton and Hove,2022
291060,1,18/05/2005,14/05/2023,Slough,2020
284277,1,07/02/2003,02/02/2021,Kent,2024
220892,2,17/04/2006,12/04/2024,Milton Keynes,2024
271317,1,16/06/2001,12/06/2019,Surrey,2023
227218,2,24/04/2000,20/04/2018,Milton Keynes,2019
235113,2,29/01/2006,25/01/2024,Kent,2024
252648,1,30/11/2002,25/11/2020,West Sussex,2020
210766,1,17/01/2006,13/01/2024,Reading,2024
225385,1,30/07/2004,26/07/2022,Slough,2024
270619,1,13/11/2003,08/11/2021,East Sussex,2020
201894,2,26/07/2002,21/07/2020,Medway,2022
291553,2,15/02/2007,10/02/2025,Reading,2019
241953,1,14/06/2009,10/06/2027,West Berkshire,2021
254686,1,28/12/2006,23/12/2024,Brighton and Hove,2024
208863,2,09/05/2008,05/05/2026,Portsmouth,2023
210408,1,10/09/2008,06/09/2026,Medway,2019
241977,1,06/04/2009,02/04/2027,Bracknell Forest,2022
262865,2,10/07/2007,05/07/2025,Brighton and Hove,2022
272912,1,20/08/2008,16/08/2026,West Berkshire,2019
249564,2,04/02/2006,31/01/2024,Windsor and Maidenhead,2022
292594,2,12/10/2009,08/10/2027,Wokingham,2019
275377,1,09/01/2007,04/01/2025,Buckinghamshire,2024
229127,2,01/07/2008,27/06/2026,Slough,2024
227985,2,04/07/2004,30/06/2022,East Sussex,2019
280202,2,28/08/2005,24/08/2023,Bracknell Forest,2019
251644,1,15/09/2004,11/09/2022,East Sussex,2020
229510,1,15/09/2004,11/09/2022,West Sussex,2023
269217,1,14/04/2008,10/04/2026,Medway,2023
260256,1,09/06/2007,04/06/2025,Medway,2023
233343,1,17/08/2003,12/08/2021,Hampshire,2020
223902,2,07/05/2008,03/05/2026,Windsor and Maidenhead,2019
294336,2,05/12/2005,01/12/2023,Bracknell Forest,2021
257760,1,23/12/2001,19/12/2019,Surrey,2024
207224,2,29/08/2001,25/08/2019,Wokingham,2021
254233,1,16/12/2000,12/12/2018,West Sussex,2021
291709,1,10/06/2002,05/06/2020,West Sussex,2023
202924,1,26/02/2002,22/02/2020,Windsor and Maidenhead,2023
252590,2,05/09/2001,01/09/2019,Southampton,2021
241606,1,17/08/2003,12/08/2021,Southampton,2023
273486,1,19/05/2006,14/05/2024,Kent,2022
204736,2,24/07/2000,20/07/2018,Southampton,2023
274473,1,15/05/2008,11/05/2026,Southampton,2022
258035,1,11/06/2006,06/06/2024,Kent,2019
220012,2,26/10/2008,22/10/2026,West Sussex,2020
201575,2,11/05/2004,07/05/2022,Kent,2023
238488,2,26/04/2008,22/04/2026,West Berkshire,2024
268271,2,10/04/2008,06/04/2026,East Sussex,2024
269203,2,05/05/2008,01/05/2026,Southampton,2022
244263,1,20/05/2008,16/05/2026,Reading,2022
208152,1,27/02/2007,22/02/2025,Slough,2019
242661,2,26/09/2005,22/09/2023,Surrey,2023
234728,1,02/07/2009,28/06/2027,East Sussex,2019
261689,1,05/02/2003,31/01/2021,Oxfordshire,2021
241779,2,14/10/2006,09/10/2024,Isle of Wight,2020
288382,2,16/05/2000,12/05/2018,Reading,2022
218534,2,23/09/2004,19/09/2022,Isle of Wight,2021
259693,1,03/05/2005,29/04/2023,Kent,2019
279163,2,14/12/2003,09/12/2021,Medway,2019
267167,1,17/04/2009,13/04/2027,Brighton and Hove,2021
260378,1,07/09/2003,02/09/2021,Medway,2019
281163,1,21/05/2008,17/05/2026,Slough,2023
234713,2,18/04/2006,13/04/2024,Bracknell Forest,2019
268101,2,20/08/2005,16/08/2023,Oxfordshire,2022
200694,1,21/12/2008,17/12/2026,Windsor and Maidenhead,2022
270805,2,18/07/2009,14/07/2027,Kent,2022
258116,1,09/06/2000,05/06/2018,Portsmouth,2024
284827,1,24/01/2003,19/01/2021,West Berkshire,2023
203070,2,07/10/2003,02/10/2021,Brighton and Hove,2021
277781,1,31/01/2003,26/01/2021,Wokingham,2020
239043,1,13/09/2003,08/09/2021,Kent,2019
206304,1,24/01/2004,19/01/2022,West Berkshire,2024
255880,1,27/07/2004,23/07/2022,Hampshire,2023
228072,2,03/05/2005,29/04/2023,Slough,2023
208378,2,20/07/2007,15/07/2025,Wokingham,2021
200125,1,06/02/2010,02/02/2028,Surrey,2023
253690,2,13/06/2002,08/06/2020,West Berkshire,2020
271376,2,21/07/2004,17/07/2022,Kent,2022
218056,1,20/02/2008,15/02/2026,West Berkshire,2023
234364,2,09/10/2001,05/10/2019,Milton Keynes,2019
203921,1,30/04/2004,26/04/2022,Buckinghamshire,2020
231615,1,21/06/2009,17/06/2027,Hampshire,2019
220946,1,04/11/2006,30/10/2024,Oxfordshire,2019
237366,2,06/07/2003,01/07/2021,Hampshire,2024
259040,2,17/03/2001,13/03/2019,Southampton,2021
255305,2,19/12/2000,15/12/2018,Reading,2019
232402,1,28/01/2003,23/01/2021,Buckinghamshire,2023
245176,1,19/12/2002,14/12/2020,Isle of Wight,2024
256217,2,12/03/2004,08/03/2022,Windsor and Maidenhead,2024
291595,1,25/08/2003,20/08/2021,Milton Keynes,2019
201531,1,29/08/2001,25/08/2019,East Sussex,2020
219727,1,24/02/2008,19/02/2026,Southampton,2021
205879,2,09/10/2004,05/10/2022,Reading,2019
230081,2,17/01/2009,13/01/2027,Buckinghamshire,2024
201890,2,13/08/2002,08/08/2020,West Sussex,2023
204759,2,20/10/2001,16/10/2019,Wokingham,2019
213498,1,16/12/2004,12/12/2022,Isle of Wight,2019
222265,2,04/05/2003,29/04/2021,Bracknell Forest,2020
296873,2,13/01/2010,09/01/2028,Wokingham,2020
255403,2,14/09/2009,10/09/2027,Buckinghamshire,2019
238759,2,08/10/2002,03/10/2020,Oxfordshire,2022
294861,1,08/11/2009,04/11/2027,Medway,2022
227227,2,14/03/2010,09/03/2028,Oxfordshire,2021
257900,2,25/12/2009,21/12/2027,Medway,2022
206450,2,25/01/2010,21/01/2028,Oxfordshire,2020
252625,2,29/03/2009,25/03/2027,West Berkshire,2022
282330,1,28/09/2007,23/09/2025,Surrey,2023
288263,1,05/02/2008,31/01/2026,Slough,2024
228421,2,05/08/2000,01/08/2018,Oxfordshire,2024
221074,1,02/08/2009,29/07/2027,Isle of Wight,2021
257086,1,31/12/2003,26/12/2021,Isle of Wight,2022
294254,1,27/06/2004,23/06/2022,Wokingham,2021
201989,1,27/10/2009,23/10/2027,Buckinghamshire,2024
367700,2,20/12/2012,16/12/2030,Slough,2023
302971,2,12/02/2007,07/02/2025,West Berkshire,2024
389817,1,03/12/2000,29/11/2018,Portsmouth,2024
390007,2,16/07/2011,11/07/2029,Southampton,2020
365153,2,08/02/2005,04/02/2023,Brighton and Hove,2023
340086,2,11/03/2010,06/03/2028,Brighton and Hove,2019
376541,1,12/06/2011,07/06/2029,Medway,2021
344946,1,13/07/2007,08/07/2025,Surrey,2019
398854,1,16/07/2002,11/07/2020,Kent,2023
335915,1,05/09/2008,01/09/2026,Isle of Wight,2021
342275,2,24/12/2010,19/12/2028,Isle of Wight,2023
379078,1,11/08/2000,07/08/2018,Milton Keynes,2020
379877,1,15/10/2001,11/10/2019,Oxfordshire,2019
351769,1,24/08/2006,19/08/2024,West Berkshire,2021
355028,1,29/01/2009,25/01/2027,Slough,2022
388694,2,19/01/2003,14/01/2021,Oxfordshire,2021
353146,1,25/08/2002,20/08/2020,Milton Keynes,2019
302869,2,24/01/2010,20/01/2028,Windsor and Maidenhead,2024
397555,1,03/12/2002,28/11/2020,Windsor and Maidenhead,2022
393460,2,09/04/2007,04/04/2025,Hampshire,2023
326771,2,06/08/2010,01/08/2028,Kent,2022
376091,2,03/01/2009,30/12/2026,Brighton and Hove,2021
373176,2,02/02/2013,29/01/2031,East Sussex,2021
342788,1,15/08/2005,11/08/2023,Kent,2020
362949,1,24/12/2008,20/12/2026,Kent,2021
310155,1,12/10/2011,07/10/2029,Reading,2023
395217,1,13/11/2000,09/11/2018,Southampton,2020
358105,2,04/07/2005,30/06/2023,Portsmouth,2024
397873,1,01/08/2002,27/07/2020,Southampton,2020
327203,2,01/04/2004,28/03/2022,Brighton and Hove,2023
383369,2,18/10/2010,13/10/2028,Slough,2023
392041,2,12/01/2004,07/01/2022,East Sussex,2022
393696,1,07/04/2005,03/04/2023,Reading,2019
352576,2,09/01/2007,04/01/2025,Kent,2019
357961,1,08/09/2006,03/09/2024,Oxfordshire,2020
366895,2,15/01/2005,11/01/2023,Oxfordshire,2019
309604,1,23/08/2011,18/08/2029,Reading,2022
352787,1,16/07/2007,11/07/2025,Hampshire,2024
337058,1,30/05/2007,25/05/2025,Wokingham,2022
376021,2,19/06/2005,15/06/2023,Wokingham,2020
358020,2,22/06/2003,17/06/2021,Hampshire,2021
385148,2,23/03/2002,18/03/2020,Windsor and Maidenhead,2019
309987,1,27/04/2005,23/04/2023,Bracknell Forest,2024
312078,1,13/03/2008,09/03/2026,Milton Keynes,2024
311392,2,08/09/2013,04/09/2031,Southampton,2024
339954,1,05/06/2003,31/05/2021,Wokingham,2023
337984,2,13/02/2001,09/02/2019,Medway,2022
393175,1,07/12/2007,02/12/2025,Buckinghamshire,2021
396433,2,22/03/2001,18/03/2019,Southampton,2020
396906,2,07/05/2009,03/05/2027,Southampton,2020
386836,1,03/07/2002,28/06/2020,Milton Keynes,2024
392829,1,29/06/2013,25/06/2031,Buckinghamshire,2019
362374,2,24/11/2002,19/11/2020,Buckinghamshire,2023
317811,1,06/05/2002,01/05/2020,Oxfordshire,2024
398650,1,07/04/2001,03/04/2019,Southampton,2019
355511,2,26/10/2004,22/10/2022,Brighton and Hove,2022
383200,1,18/01/2002,14/01/2020,Brighton and Hove,2019
384975,2,21/12/2004,17/12/2022,Bracknell Forest,2020
343825,1,06/06/2005,02/06/2023,Isle of Wight,2023
375397,2,21/06/2004,17/06/2022,Southampton,2020
304932,1,22/03/2010,17/03/2028,Kent,2020
362441,1,31/08/2013,27/08/2031,West Berkshire,2022
378865,1,24/10/2006,19/10/2024,West Berkshire,2019
342676,2,02/06/2006,28/05/2024,Oxfordshire,2022
311393,1,17/07/2007,12/07/2025,West Berkshire,2023
372161,2,04/04/2006,30/03/2024,Bracknell Forest,2021
355542,2,25/10/2006,20/10/2024,Surrey,2023
341569,2,21/06/2010,16/06/2028,Milton Keynes,2019
382008,2,30/11/2009,26/11/2027,Medway,2023
350576,1,08/06/2005,04/06/2023,Bracknell Forest,2022
355233,2,18/07/2007,13/07/2025,Medway,2019
359776,1,17/11/2006,12/11/2024,Hampshire,2020
397354,1,04/07/2005,30/06/2023,Southampton,2020
384783,1,05/12/2001,01/12/2019,Brighton and Hove,2019
312889,1,12/01/2005,08/01/2023,Bracknell Forest,2023
374846,1,21/03/2012,17/03/2030,Wokingham,2019
318549,2,14/01/2009,10/01/2027,Slough,2019
365103,1,09/07/2007,04/07/2025,Isle of Wight,2023
362251,2,08/09/2004,04/09/2022,Windsor and Maidenhead,2022
332332,2,14/05/2012,10/05/2030,Isle of Wight,2024
390410,2,04/05/2012,30/04/2030,East Sussex,2021
317520,2,26/03/2001,22/03/2019,Isle of Wight,2023
307440,2,22/02/2009,18/02/2027,West Berkshire,2024
353369,1,19/08/2006,14/08/2024,Windsor and Maidenhead,2022
360155,1,05/03/2011,28/02/2029,Hampshire,2022
363766,2,21/05/2009,17/05/2027,Portsmouth,2020
398891,1,15/08/2003,10/08/2021,East Sussex,2023
322560,2,25/02/2002,21/02/2020,Hampshire,2024
327455,2,04/12/2012,30/11/2030,Windsor and Maidenhead,2021
326146,2,10/10/2012,06/10/2030,Bracknell Forest,2022
362474,1,02/10/2003,27/09/2021,Medway,2021
317973,2,05/02/2013,01/02/2031,Slough,2021
355364,1,10/12/2012,06/12/2030,Milton Keynes,2023
321009,1,06/03/2006,01/03/2024,West Berkshire,2019
353254,2,25/03/2010,20/03/2028,West Sussex,2023
313972,2,23/04/2002,18/04/2020,Reading,2024
382009,2,03/04/2008,30/03/2026,Buckinghamshire,2021
322180,1,14/03/2011,09/03/2029,Isle of Wight,2023
323335,1,22/12/2004,18/12/2022,Medway,2023
370185,2,15/05/2012,11/05/2030,Surrey,2024
359774,2,15/02/2014,11/02/2032,Wokingham,2021
350090,1,09/11/2003,04/11/2021,Southampton,2020
335550,2,26/02/2007,21/02/2025,Portsmouth,2020
369667,2,24/02/2011,19/02/2029,Kent,2021
360465,2,19/11/2012,15/11/2030,Milton Keynes,2023
314079,2,20/12/2004,16/12/2022,Isle of Wight,2019
364025,2,11/02/2008,06/02/2026,Isle of Wight,2020
360471,1,17/11/2008,13/11/2026,Brighton and Hove,2020
331998,2,19/11/2002,14/11/2020,Medway,2024
376324,1,17/11/2007,12/11/2025,East Sussex,2023
356935,2,20/09/2006,15/09/2024,West Sussex,2021
359431,1,24/06/2006,19/06/2024,Isle of Wight,2024
388551,1,14/11/2013,10/11/2031,Medway,2021
319369,2,22/03/2014,17/03/2032,Portsmouth,2021
363835,1,31/07/2003,26/07/2021,Milton Keynes,2020
379756,2,07/12/2013,03/12/2031,Medway,2022
396762,1,30/09/2001,26/09/2019,Kent,2023
354531,1,15/02/2007,10/02/2025,Hampshire,2022
356470,2,13/02/2004,08/02/2022,Windsor and Maidenhead,2024
321886,2,27/05/2003,22/05/2021,Isle of Wight,2021
396560,2,18/02/2005,14/02/2023,Medway,2023
375039,2,11/07/2002,06/07/2020,West Sussex,2024
333785,1,12/11/2011,07/11/2029,Milton Keynes,2019
318528,2,23/02/2001,19/02/2019,West Sussex,2020
311082,2,24/07/2010,19/07/2028,Isle of Wight,2024
306475,2,28/02/2005,24/02/2023,Slough,2022
305491,1,11/07/2010,06/07/2028,Buckinghamshire,2021
385517,1,06/11/2009,02/11/2027,Oxfordshire,2019
375268,1,14/02/2012,09/02/2030,Bracknell Forest,2020
390027,1,13/09/2009,09/09/2027,Medway,2024
345899,1,19/02/2005,15/02/2023,Oxfordshire,2020
306610,1,27/11/2009,23/11/2027,Portsmouth,2022
324689,2,10/06/2010,05/06/2028,West Berkshire,2020
326178,1,18/11/2004,14/11/2022,Bracknell Forest,2022
337079,1,19/02/2012,14/02/2030,Medway,2021
372520,2,07/06/2002,02/06/2020,Southampton,2020
318330,1,02/08/2002,28/07/2020,Hampshire,2021
358527,1,05/01/2012,31/12/2029,Buckinghamshire,2024
347428,2,08/03/2013,04/03/2031,Medway,2021
366314,2,15/03/2009,11/03/2027,Oxfordshire,2024
353484,2,27/04/2005,23/04/2023,Milton Keynes,2022
397049,1,21/03/2012,17/03/2030,Slough,2021
336322,1,08/08/2011,03/08/2029,Medway,2024
318283,2,09/04/2013,05/04/2031,Slough,2020
313398,1,21/04/2009,17/04/2027,Milton Keynes,2020
384527,2,02/01/2004,28/12/2021,Hampshire,2023
327800,1,28/09/2007,23/09/2025,Medway,2021
398477,2,06/08/2010,01/08/2028,Wokingham,2024
392955,2,13/05/2008,09/05/2026,Wokingham,2021
322061,2,22/09/2005,18/09/2023,Southampton,2022
371718,1,07/12/2004,03/12/2022,Oxfordshire,2021
344736,1,17/07/2002,12/07/2020,Hampshire,2022
325237,1,16/04/2002,11/04/2020,Wokingham,2024
351753,1,16/10/2001,12/10/2019,West Sussex,2020
357837,1,01/05/2001,27/04/2019,Reading,2019
334525,1,21/03/2007,16/03/2025,West Sussex,2023
385799,1,03/02/2004,29/01/2022,Portsmouth,2024
369955,1,25/03/2007,20/03/2025,Oxfordshire,2022
344576,2,15/11/2011,10/11/2029,Surrey,2024
385827,2,17/09/2003,12/09/2021,Hampshire,2021
337119,1,14/02/2007,09/02/2025,Medway,2021
334673,1,02/04/2012,29/03/2030,Buckinghamshire,2020
371591,2,08/01/2006,04/01/2024,Buckinghamshire,2019
370194,2,06/07/2008,02/07/2026,Brighton and Hove,2023
331585,2,30/06/2005,26/06/2023,Isle of Wight,2022
338163,2,25/06/2000,21/06/2018,Hampshire,2022
355605,1,20/10/2002,15/10/2020,Surrey,2024
351269,1,06/03/2001,02/03/2019,Wokingham,2023
313376,2,09/03/2004,05/03/2022,East Sussex,2021
340951,2,28/11/2013,24/11/2031,Southampton,2023
363591,2,07/10/2012,03/10/2030,Hampshire,2022
394659,1,30/01/2011,25/01/2029,Reading,2020
326789,1,23/09/2009,19/09/2027,West Berkshire,2021
385332,1,05/12/2004,01/12/2022,East Sussex,2021
363998,1,03/07/2001,29/06/2019,Portsmouth,2022
336786,1,14/12/2011,09/12/2029,West Berkshire,2024
340080,1,08/09/2010,03/09/2028,West Sussex,2023
372691,1,26/03/2003,21/03/2021,Kent,2021
309543,1,10/01/2010,06/01/2028,Brighton and Hove,2021
328455,2,01/10/2010,26/09/2028,Milton Keynes,2023
317461,2,20/03/2006,15/03/2024,West Berkshire,2022
358162,2,19/07/2000,15/07/2018,East Sussex,2023
312778,2,21/12/2001,17/12/2019,Portsmouth,2022
330142,1,02/12/2000,28/11/2018,Kent,2022
357704,1,28/08/2002,23/08/2020,Buckinghamshire,2024
342377,1,15/03/2008,11/03/2026,Portsmouth,2022
344264,2,06/11/2013,02/11/2031,Medway,2020
373208,1,08/02/2007,03/02/2025,East Sussex,2019
368893,1,18/12/2013,14/12/2031,Brighton and Hove,2021
349135,2,15/05/2013,11/05/2031,West Berkshire,2020
335950,2,28/07/2008,24/07/2026,Brighton and Hove,2020
358292,2,24/11/2011,19/11/2029,West Berkshire,2020
383704,1,28/08/2006,23/08/2024,Isle of Wight,2020
345684,1,06/12/2002,01/12/2020,Isle of Wight,2024
384243,2,23/05/2010,18/05/2028,Reading,2019
387558,2,16/09/2010,11/09/2028,Milton Keynes,2023
384292,2,22/08/2005,18/08/2023,Oxfordshire,2021
381786,2,10/03/2008,06/03/2026,Portsmouth,2020
336746,2,24/06/2009,20/06/2027,Buckinghamshire,2021
369004,1,24/07/2004,20/07/2022,Hampshire,2022
372376,1,08/04/2012,04/04/2030,West Berkshire,2022
327802,1,23/05/2005,19/05/2023,Brighton and Hove,2021
314305,2,12/04/2007,07/04/2025,Kent,2023
388270,1,19/06/2000,15/06/2018,Kent,2022
382956,1,22/10/2001,18/10/2019,Surrey,2021
370346,1,12/05/2005,08/05/2023,West Berkshire,2022
351789,1,14/11/2012,10/11/2030,Reading,2020
316131,2,09/04/2009,05/04/2027,Isle of Wight,2023
343409,2,24/10/2010,19/10/2028,Buckinghamshire,2020
384668,2,25/03/2014,20/03/2032,East Sussex,2021
350538,2,28/11/2005,24/11/2023,Surrey,2020
300405,2,27/10/2009,23/10/2027,Brighton and Hove,2024
390175,1,05/10/2009,01/10/2027,Wokingham,2021
333876,1,03/11/2012,30/10/2030,West Sussex,2024
337439,1,29/10/2010,24/10/2028,East Sussex,2023
324287,1,17/03/2002,12/03/2020,Brighton and Hove,2022
359372,2,19/10/2011,14/10/2029,Milton Keynes,2019
353160,2,05/01/2011,31/12/2028,West Sussex,2023
377444,1,07/05/2011,02/05/2029,Milton Keynes,2024
310439,2,20/07/2011,15/07/2029,West Berkshire,2022
326691,1,24/02/2002,20/02/2020,Surrey,2021
327571,1,27/11/2006,22/11/2024,West Sussex,2021
319131,2,16/06/2003,11/06/2021,Slough,2022
312670,2,07/07/2002,02/07/2020,Reading,2019
374206,2,20/07/2012,16/07/2030,Milton Keynes,2020
380082,2,18/06/2004,14/06/2022,Southampton,2024
338833,2,14/09/2011,09/09/2029,Isle of Wight,2024
304650,2,25/05/2003,20/05/2021,West Sussex,2020
340083,2,26/02/2014,22/02/2032,Oxfordshire,2021
302702,2,10/01/2003,05/01/2021,Brighton and Hove,2023
330319,2,20/06/2012,16/06/2030,West Berkshire,2024
374716,2,30/07/2002,25/07/2020,Southampton,2019
363806,2,07/08/2010,02/08/2028,Windsor and Maidenhead,2019
307452,2,26/10/2004,22/10/2022,Southampton,2024
306939,1,28/04/2002,23/04/2020,Oxfordshire,2019
319150,2,14/11/2002,09/11/2020,Reading,2021
313638,2,19/05/2009,15/05/2027,East Sussex,2020
365948,2,26/11/2008,22/11/2026,East Sussex,2022
336854,2,24/07/2000,20/07/2018,Milton Keynes,2023
347660,2,26/08/2011,21/08/2029,Milton Keynes,2020
348198,2,22/06/2012,18/06/2030,Bracknell Forest,2020
383907,1,11/01/2011,06/01/2029,Portsmouth,2021
454089,1,23/08/2003,18/08/2021,Hampshire,2023
420186,1,22/02/2009,18/02/2027,Southampton,2023
470790,1,23/11/2004,19/11/2022,Portsmouth,2021
476295,1,28/11/2012,24/11/2030,Buckinghamshire,2021
485960,1,07/08/2014,02/08/2032,Reading,2019
452845,2,09/12/2015,04/12/2033,Buckinghamshire,2022
404274,2,09/09/2000,05/09/2018,Surrey,2024
497848,2,22/10/2017,18/10/2035,Medway,2023
409125,1,15/10/2002,10/10/2020,Southampton,2021
456797,2,15/06/2016,11/06/2034,West Berkshire,2024
499344,2,19/02/2005,15/02/2023,Portsmouth,2022
467501,2,21/12/2013,17/12/2031,Brighton and Hove,2019
461012,1,07/10/2017,03/10/2035,Brighton and Hove,2022
464073,2,12/10/2010,07/10/2028,Windsor and Maidenhead,2024
400350,1,20/12/2007,15/12/2025,Kent,2021
403097,1,28/02/2011,23/02/2029,Milton Keynes,2019
418504,1,12/04/2002,07/04/2020,Kent,2022
438661,1,12/11/2016,08/11/2034,Milton Keynes,2021
479599,1,19/08/2008,15/08/2026,West Sussex,2019
489266,2,25/06/2013,21/06/2031,Windsor and Maidenhead,2024
459556,1,21/09/2015,16/09/2033,West Sussex,2020
405727,2,05/03/2009,01/03/2027,West Berkshire,2020
449083,2,24/09/2006,19/09/2024,Medway,2024
416621,1,24/04/2004,20/04/2022,Reading,2019
425533,1,25/08/2015,20/08/2033,Bracknell Forest,2020
459993,2,22/08/2017,18/08/2035,Southampton,2023
495763,1,04/08/2009,31/07/2027,Kent,2021
455242,1,24/03/2007,19/03/2025,Southampton,2022
474268,2,14/11/2005,10/11/2023,Buckinghamshire,2019
447835,2,17/08/2010,12/08/2028,Portsmouth,2020
430152,1,02/05/2016,28/04/2034,Kent,2019
437946,2,26/04/2003,21/04/2021,Oxfordshire,2019
431146,1,08/03/2014,03/03/2032,Oxfordshire,2023
428511,2,03/01/2002,30/12/2019,Buckinghamshire,2020
419119,1,09/10/2001,05/10/2019,Slough,2023
469981,2,07/01/2007,02/01/2025,Milton Keynes,2019
491181,2,04/03/2003,27/02/2021,East Sussex,2022
417348,1,27/09/2008,23/09/2026,Portsmouth,2019
477922,1,09/12/2012,05/12/2030,Bracknell Forest,2024
437165,2,16/07/2007,11/07/2025,East Sussex,2023
434037,2,30/01/2004,25/01/2022,Slough,2020
479265,2,30/08/2006,25/08/2024,Hampshire,2019
444034,1,14/02/2004,09/02/2022,Hampshire,2020
480108,2,11/11/2003,06/11/2021,Oxfordshire,2021
427233,2,18/01/2018,14/01/2036,West Berkshire,2024
456246,1,02/06/2004,29/05/2022,Surrey,2023
442220,2,27/10/2005,23/10/2023,Bracknell Forest,2023
427935,1,14/01/2005,10/01/2023,West Sussex,2023
458088,2,03/10/2007,28/09/2025,East Sussex,2020
489165,2,22/07/2007,17/07/2025,Isle of Wight,2020
481677,1,10/01/2013,06/01/2031,Milton Keynes,2023
469188,2,16/03/2007,11/03/2025,Southampton,2019
415440,2,08/04/2006,03/04/2024,West Berkshire,2024
414405,2,26/01/2003,21/01/2021,Slough,2023
465256,2,15/06/2003,10/06/2021,Brighton and Hove,2020
484407,1,19/04/2014,14/04/2032,Portsmouth,2020
480668,2,09/06/2000,05/06/2018,Windsor and Maidenhead,2019
469867,1,20/06/2000,16/06/2018,West Berkshire,2019
495762,2,01/08/2013,28/07/2031,Portsmouth,2021
406692,2,08/04/2016,04/04/2034,Milton Keynes,2024
487527,1,01/02/2018,28/01/2036,Medway,2022
410836,2,03/10/2001,29/09/2019,Bracknell Forest,2021
461142,2,06/10/2005,02/10/2023,Reading,2019
427532,1,06/02/2017,02/02/2035,Oxfordshire,2020
410829,2,05/11/2003,31/10/2021,Wokingham,2021
444107,1,08/11/2001,04/11/2019,Medway,2022
430458,2,08/08/2002,03/08/2020,Milton Keynes,2022
405718,1,20/06/2017,16/06/2035,Milton Keynes,2024
452197,2,14/09/2009,10/09/2027,Brighton and Hove,2022
407342,2,23/08/2017,19/08/2035,Surrey,2022
443841,2,13/06/2008,09/06/2026,Bracknell Forest,2024
429854,1,07/10/2004,03/10/2022,Bracknell Forest,2020
493710,1,06/05/2005,02/05/2023,Surrey,2021
415499,2,01/01/2004,27/12/2021,West Sussex,2024
441136,2,28/05/2005,24/05/2023,Milton Keynes,2021
468010,2,15/11/2003,10/11/2021,Portsmouth,2019
416759,2,11/09/2004,07/09/2022,Oxfordshire,2021
466519,1,08/08/2005,04/08/2023,Brighton and Hove,2022
478496,2,04/10/2001,30/09/2019,East Sussex,2024
408735,2,10/08/2008,06/08/2026,Bracknell Forest,2022
421487,2,17/02/2010,13/02/2028,Surrey,2023
409075,2,12/11/2002,07/11/2020,Medway,2023
408444,2,21/08/2004,17/08/2022,East Sussex,2022
498999,2,28/11/2002,23/11/2020,Buckinghamshire,2022
417371,2,04/05/2008,30/04/2026,Windsor and Maidenhead,2021
435688,2,05/03/2012,01/03/2030,Oxfordshire,2021
460282,1,13/12/2003,08/12/2021,Brighton and Hove,2024
428388,1,07/11/2001,03/11/2019,West Berkshire,2019
451325,1,09/10/2004,05/10/2022,Brighton and Hove,2022
409712,1,17/01/2012,12/01/2030,Brighton and Hove,2019
462507,2,15/03/2014,10/03/2032,Brighton and Hove,2022
413111,1,16/12/2016,12/12/2034,Kent,2021
463237,2,28/08/2001,24/08/2019,Reading,2019
488720,2,21/03/2001,17/03/2019,West Sussex,2021
400919,1,09/06/2007,04/06/2025,East Sussex,2019
465320,2,06/02/2003,01/02/2021,West Sussex,2022
458528,1,13/12/2006,08/12/2024,Buckinghamshire,2022
456864,2,19/05/2016,15/05/2034,Reading,2024
417193,1,09/06/2002,04/06/2020,Kent,2021
493643,2,06/09/2001,02/09/2019,Isle of Wight,2021
435556,1,25/10/2004,21/10/2022,Windsor and Maidenhead,2022
496108,1,13/12/2002,08/12/2020,Isle of Wight,2024
404065,2,27/06/2014,22/06/2032,Brighton and Hove,2022
459203,1,12/09/2004,08/09/2022,Reading,2023
436671,1,06/08/2014,01/08/2032,Oxfordshire,2019
492481,2,08/03/2003,03/03/2021,Surrey,2020
472204,1,18/06/2005,14/06/2023,Milton Keynes,2021
409756,2,21/10/2005,17/10/2023,Brighton and Hove,2019
473897,2,09/09/2013,05/09/2031,Medway,2023
410016,2,30/05/2011,25/05/2029,Milton Keynes,2023
499022,1,01/12/2017,27/11/2035,Windsor and Maidenhead,2019
446156,2,30/10/2008,26/10/2026,Milton Keynes,2021
421235,1,06/06/2003,01/06/2021,Slough,2021
496362,2,10/03/2004,06/03/2022,Milton Keynes,2022
489666,1,07/04/2007,02/04/2025,Isle of Wight,2023
424595,2,29/06/2004,25/06/2022,West Sussex,2023
491832,1,24/08/2003,19/08/2021,Milton Keynes,2024
433013,1,08/01/2017,04/01/2035,Windsor and Maidenhead,2023
423229,1,05/09/2007,31/08/2025,Milton Keynes,2024
485090,2,06/01/2008,01/01/2026,West Berkshire,2024
483112,1,05/01/2002,01/01/2020,Buckinghamshire,2023
423816,1,20/07/2010,15/07/2028,West Berkshire,2020
482972,1,31/03/2006,26/03/2024,West Sussex,2023
401652,1,09/08/2006,04/08/2024,Hampshire,2023
461736,1,12/03/2007,07/03/2025,East Sussex,2021
410534,2,24/05/2011,19/05/2029,Reading,2019
427228,1,17/09/2013,13/09/2031,Slough,2024
470400,1,27/08/2001,23/08/2019,Slough,2024
468208,1,04/04/2005,31/03/2023,Portsmouth,2023
488250,1,28/03/2005,24/03/2023,Slough,2019
498429,1,02/10/2001,28/09/2019,Reading,2022
464715,1,27/11/2002,22/11/2020,West Berkshire,2020
434792,1,02/09/2003,28/08/2021,Surrey,2023
493008,1,11/03/2012,07/03/2030,Medway,2020
453167,1,29/02/2008,24/02/2026,Milton Keynes,2023
497254,1,09/04/2007,04/04/2025,West Sussex,2021
413570,1,09/01/2014,05/01/2032,Reading,2020
430495,2,28/10/2017,24/10/2035,Southampton,2019
442786,2,12/02/2009,08/02/2027,Surrey,2021
458680,1,19/04/2014,14/04/2032,Windsor and Maidenhead,2022
438578,1,27/01/2014,23/01/2032,Wokingham,2020
459091,1,02/01/2011,28/12/2028,Reading,2020
418806,1,27/11/2000,23/11/2018,West Berkshire,2022
420852,2,10/08/2007,05/08/2025,Isle of Wight,2022
442171,1,08/02/2014,04/02/2032,Bracknell Forest,2022
461534,1,22/03/2007,17/03/2025,Brighton and Hove,2024
470582,1,15/11/2002,10/11/2020,Kent,2019
420124,2,03/03/2006,27/02/2024,Wokingham,2022
410242,1,13/03/2012,09/03/2030,Buckinghamshire,2020
411358,1,02/01/2003,28/12/2020,Buckinghamshire,2019
416991,2,12/02/2005,08/02/2023,Slough,2023
422391,1,01/07/2012,27/06/2030,Milton Keynes,2023
424467,2,17/02/2003,12/02/2021,Reading,2020
495567,2,17/09/2010,12/09/2028,Surrey,2021
406193,1,29/03/2005,25/03/2023,Surrey,2020
457570,2,05/11/2013,01/11/2031,Oxfordshire,2019
436453,2,04/01/2012,30/12/2029,West Berkshire,2021
477070,1,01/10/2016,27/09/2034,West Berkshire,2019
483228,1,22/02/2018,18/02/2036,Buckinghamshire,2019
469456,2,28/07/2005,24/07/2023,Surrey,2021
454857,2,18/08/2005,14/08/2023,Brighton and Hove,2021
467355,2,11/09/2004,07/09/2022,Buckinghamshire,2021
494074,2,11/02/2017,07/02/2035,Surrey,2023
602948,1,17/06/2021,13/06/2039,Hampshire,2022
647408,2,17/09/2006,12/09/2024,West Berkshire,2023
622238,1,26/02/2022,22/02/2040,Kent,2021
601217,1,20/03/2022,15/03/2040,Oxfordshire,2023
614927,2,09/09/2011,04/09/2029,Milton Keynes,2020
614506,2,10/05/2011,05/05/2029,Southampton,2020
668323,2,04/07/2006,29/06/2024,Hampshire,2020
667427,1,01/02/2023,27/01/2041,East Sussex,2020
633139,1,17/10/2011,12/10/2029,Bracknell Forest,2020
668856,1,27/09/2018,22/09/2036,Portsmouth,2020
693438,2,12/06/2017,08/06/2035,Buckinghamshire,2019
659037,1,01/08/2016,28/07/2034,Wokingham,2021
612590,2,17/06/2007,12/06/2025,West Berkshire,2022
694242,2,28/08/2005,24/08/2023,West Sussex,2024
651362,2,05/11/2011,31/10/2029,Milton Keynes,2020
621827,2,14/08/2005,10/08/2023,Medway,2021
601115,1,04/02/2014,31/01/2032,Isle of Wight,2023
625234,2,19/11/2006,14/11/2024,Milton Keynes,2020
691081,1,28/02/2006,24/02/2024,Wokingham,2022
621325,2,22/04/2005,18/04/2023,Oxfordshire,2021
634445,2,02/08/2005,29/07/2023,Kent,2024
620217,2,26/09/2005,22/09/2023,West Sussex,2019
680168,2,20/06/2006,15/06/2024,Reading,2021
679664,2,31/10/2007,26/10/2025,Portsmouth,2019
650900,2,23/12/2006,18/12/2024,Buckinghamshire,2019
621002,2,23/12/2005,19/12/2023,Windsor and Maidenhead,2020
626778,1,12/02/2019,07/02/2037,West Berkshire,2020
679414,2,07/07/2005,03/07/2023,Surrey,2024
609316,2,12/10/2019,07/10/2037,Kent,2024
662688,2,11/10/2007,06/10/2025,West Berkshire,2023
689638,2,24/04/2020,20/04/2038,Isle of Wight,2024
670332,2,27/10/2006,22/10/2024,Reading,2023
651110,1,20/11/2005,16/11/2023,Bracknell Forest,2019
618233,2,26/09/2020,22/09/2038,Oxfordshire,2022
626306,1,02/05/2008,28/04/2026,Medway,2024
649369,1,16/04/2006,11/04/2024,Kent,2019
671994,2,16/06/2008,12/06/2026,East Sussex,2019
641517,2,10/04/2008,06/04/2026,Buckinghamshire,2020
615956,2,14/05/2020,10/05/2038,Buckinghamshire,2022
634831,1,17/09/2005,13/09/2023,Milton Keynes,2023
605826,1,31/08/2014,26/08/2032,Slough,2023
676237,2,05/04/2006,31/03/2024,East Sussex,2023
661815,2,25/05/2005,21/05/2023,West Berkshire,2024
688804,1,15/04/2005,11/04/2023,Isle of Wight,2019
607698,2,24/02/2019,19/02/2037,Bracknell Forest,2019
627316,1,24/12/2005,20/12/2023,Wokingham,2024
697099,1,29/08/2021,25/08/2039,East Sussex,2023
629022,1,19/01/2007,14/01/2025,Slough,2024
670391,1,11/11/2009,07/11/2027,Slough,2019
653784,1,23/11/2015,18/11/2033,Brighton and Hove,2019
684647,1,06/06/2009,02/06/2027,Medway,2020
608340,1,13/06/2005,09/06/2023,Wokingham,2023
649212,1,13/10/2019,08/10/2037,Hampshire,2023
649120,2,24/05/2005,20/05/2023,Slough,2024
600457,1,11/01/2015,06/01/2033,Slough,2023
666649,2,02/07/2011,27/06/2029,Buckinghamshire,2020
638109,1,26/12/2005,22/12/2023,Slough,2023
632931,2,20/12/2005,16/12/2023,East Sussex,2024
657037,1,22/12/2005,18/12/2023,Bracknell Forest,2021
676550,1,25/12/2015,20/12/2033,Windsor and Maidenhead,2023
652764,2,28/08/2011,23/08/2029,Bracknell Forest,2023
647799,1,24/04/2012,20/04/2030,West Berkshire,2019
670841,1,05/02/2014,01/02/2032,Isle of Wight,2022
632876,2,09/06/2006,04/06/2024,Surrey,2020
609096,1,30/09/2012,26/09/2030,Buckinghamshire,2021
634681,1,11/09/2009,07/09/2027,Medway,2024
621564,2,12/02/2006,08/02/2024,Medway,2023
630733,1,05/03/2015,28/02/2033,West Sussex,2019
669581,1,30/09/2009,26/09/2027,Bracknell Forest,2023
637945,1,23/07/2014,18/07/2032,Milton Keynes,2023
652178,2,21/08/2005,17/08/2023,Oxfordshire,2021
602466,2,04/03/2017,28/02/2035,Hampshire,2024
660951,1,06/02/2006,02/02/2024,Reading,2022
605796,1,05/02/2006,01/02/2024,Bracknell Forest,2022
656933,1,16/06/2014,11/06/2032,Milton Keynes,2023
616596,2,15/11/2011,10/11/2029,Medway,2022
672909,2,10/03/2006,05/03/2024,Slough,2023
626872,1,17/05/2015,12/05/2033,Brighton and Hove,2019
601325,1,31/05/2006,26/05/2024,Wokingham,2021
625805,2,15/12/2006,10/12/2024,Buckinghamshire,2020
