CHILD,SEX,DOB,ETHNIC,UPN,MOTHER,MC_DOB,LA,YEAR
296227,2,23/06/2002,NOBT,R056024362409,,,Southwark,2020
640353,1,19/02/2004,REFU,Z053273524673,,,Southwark,2020
62551,2,18/03/2005,OOTH,R084010198416,,,Bromley,2018
185992,2,29/07/2009,BAFR,U054252063976,,,Bromley,2017
532130,1,24/07/2009,APKN,H071379593570,,,Bromley,2021
828936,2,27/09/2007,MOTH,D066329546107,,,Southwark,2020
521525,1,13/06/2002,REFU,N070571845496,,,Southwark,2017
225242,2,27/11/2005,AIND,E024501213825,,,Bromley,2021
158853,2,11/04/2008,WBRI,E043584864318,,,Southwark,2020
295982,1,21/02/2009,MWBC,T051788328004,,,Bromley,2019
397815,1,27/04/2000,MWAS,T065572515321,,,Southwark,2021
53693,1,28/12/2007,MWBA,E072016439902,,,Southwark,2020
168196,1,12/10/2009,APKN,L066695746570,,,Southwark,2019
637234,2,07/08/2006,APKN,G014513081279,,,Southwark,2021
406894,2,15/08/2002,ABAN,V019456276394,,,Southwark,2021
58470,2,28/05/2004,AIND,F008851001771,,,Bromley,2021
738595,1,20/07/2000,WOTH,X002342828700,,,Southwark,2019
319688,2,05/12/2004,WROM,D024316977511,,,Hillingdon,2021
96860,1,17/11/2007,WOTH,D071452210331,,,Bromley,2018
721638,2,03/07/2009,WIRT,G008792854228,,,Hillingdon,2017
525420,1,12/12/2009,WOTH,R041861435456,,,Bromley,2020
711196,2,17/07/2005,APKN,D043851960232,,,Southwark,2017
533550,2,13/04/2000,WBRI,A062730026530,,,Bromley,2020
370565,2,11/05/2009,CHNE,I047419005346,,,Southwark,2020
515339,1,10/11/2005,BCRB,S016112573169,,,Hillingdon,2020
733166,2,15/01/2005,NOBT,N091451139698,,,Southwark,2020
289653,1,29/12/2001,WIRT,A048478311268,,,Southwark,2020
944392,1,16/04/2005,AOTH,Y028052828138,,,Bromley,2019
457493,2,09/06/2007,WOTH,T049797830770,,,Southwark,2019
59536,1,05/01/2001,NOBT,R005482628546,,,Southwark,2021
447903,1,19/03/2007,MWAS,Q013754822945,,,Southwark,2019
230591,2,15/04/2009,MWBC,A067433156499,,,Bromley,2019
92629,1,31/07/2006,WROM,L042232277738,,,Hillingdon,2020
626490,2,03/10/2009,AIND,U076204007293,,,Bromley,2018
718139,1,25/12/2008,MOTH,Y045825008717,,,Hillingdon,2017
623826,1,30/12/2003,APKN,E050651948637,,,Southwark,2020
934454,1,07/06/2001,OOTH,V030401216782,,,Southwark,2020
955207,1,22/10/2008,OOTH,W018324324781,,,Southwark,2017
521749,1,17/11/2005,BAFR,Z078480542435,,,Hillingdon,2020
158809,2,19/09/2006,WROM,I080683999830,,,Hillingdon,2019
374015,1,26/11/2008,BOTH,R026374952883,,,Southwark,2019
344070,2,09/09/2007,WIRT,Z012405551068,,,Bromley,2018
207288,2,28/10/2007,BCRB,B068323705724,,,Hillingdon,2017
420870,2,13/09/2005,WIRI,S036567914789,,,Bromley,2020
115396,1,09/06/2001,AIND,M051241019272,,,Southwark,2017
748243,1,01/10/2007,AIND,W059468322032,,,Southwark,2018
686067,1,07/03/2007,OOTH,B011159170354,,,Southwark,2019
600195,1,09/04/2005,BCRB,U076996251385,,,Southwark,2017
227758,1,23/04/2003,MWBC,R052046819237,,,Hillingdon,2020
276736,1,27/03/2002,WROM,S087282221661,,,Southwark,2019
184159,1,19/09/2007,BOTH,D099660751122,,,Hillingdon,2020
355263,1,11/06/2004,BAFR,Z080204631746,,,Southwark,2020
545261,1,14/12/2006,WIRI,H042028194278,,,Bromley,2020
814528,1,17/07/2004,REFU,I011102004022,,,Hillingdon,2017
911317,2,13/04/2002,AIND,K027090584965,,,Southwark,2019
830787,1,17/11/2003,WBRI,B040909196751,,,Southwark,2018
243537,2,17/01/2006,OOTH,H085633752004,,,Southwark,2021
461710,2,31/12/2007,BOTH,P062214076854,,,Bromley,2021
439481,2,17/04/2007,WBRI,J016387031321,,,Bromley,2017
80405,1,06/11/2008,WIRT,X086610882498,,,Southwark,2020
259754,1,02/05/2007,MOTH,X012605454287,,,Southwark,2020
451430,1,05/06/2002,WBRI,C006644338139,,,Bromley,2021
536499,2,15/02/2002,MWAS,V099394504485,,,Hillingdon,2019
585985,1,02/08/2002,CHNE,R016961879461,,,Southwark,2021
458146,2,11/12/2000,WOTH,Y093791936878,,,Southwark,2017
115810,1,03/11/2008,BCRB,J036726362111,,,Bromley,2021
700392,2,07/08/2008,MOTH,Z051414404651,,,Bromley,2018
336438,2,27/05/2003,BOTH,Y034668472441,,,Hillingdon,2019
260471,1,17/03/2002,AOTH,J031376199335,,,Bromley,2021
300991,1,27/01/2001,APKN,J064396537844,,,Bromley,2020
631002,2,24/11/2000,WIRT,G099305176452,,,Bromley,2020
531616,1,30/09/2001,APKN,H052678878193,,,Southwark,2019
725812,2,21/11/2006,WBRI,P002971600776,,,Bromley,2018
904092,2,20/06/2005,REFU,Y067126633030,,,Bromley,2018
735996,1,05/10/2007,WROM,C009844470867,,,Southwark,2018
814676,2,21/02/2002,MOTH,L051308299899,,,Southwark,2017
424048,2,28/04/2004,WIRI,K052262191905,,,Hillingdon,2020
502939,1,08/07/2005,AOTH,J006324372711,,,Hillingdon,2021
955390,1,03/09/2005,CHNE,M053319012692,,,Bromley,2020
535258,1,24/01/2009,WIRT,Y042695356004,,,Hillingdon,2018
536074,2,05/11/2008,WIRI,O071080534225,,,Southwark,2020
504825,1,02/10/2008,APKN,X022195043820,,,Southwark,2021
731959,2,29/09/2007,WOTH,R061705640248,,,Hillingdon,2019
115869,1,06/08/2006,NOBT,M027788110997,,,Hillingdon,2017
370716,1,21/07/2009,WOTH,S085294584266,,,Southwark,2019
279171,1,15/01/2008,MOTH,Y090960052228,,,Bromley,2017
99151,1,27/12/2005,REFU,V026071191052,,,Bromley,2020
87408,2,09/01/2005,MOTH,P019403841816,,,Hillingdon,2021
332604,1,08/09/2002,MWAS,Y089693361499,,,Southwark,2021
204727,1,17/03/2006,APKN,X017180369396,,,Southwark,2019
872667,2,26/09/2006,ABAN,Y072060183409,,,Southwark,2018
204635,2,19/09/2007,WBRI,G062312119458,,,Southwark,2018
604939,2,25/01/2005,BCRB,J094995647415,,,Hillingdon,2017
96146,1,28/01/2009,REFU,M077031628515,,,Southwark,2020
294712,2,19/12/2009,WIRI,V065638224431,,,Bromley,2020
472738,1,09/10/2005,OOTH,M025668792766,,,Hillingdon,2021
993726,2,18/02/2001,ABAN,M028925757624,,,Southwark,2021
753062,2,24/06/2008,MWAS,L079632235794,,,Bromley,2020
562913,1,21/01/2002,WOTH,X072942545850,,,Southwark,2021
862146,2,02/08/2006,APKN,T040866019829,,,Southwark,2021
2351,1,19/07/2003,NOBT,H073568167382,,,Bromley,2018
682527,1,22/04/2008,MWAS,X052722440351,,,Southwark,2018
404747,2,29/12/2005,WOTH,M083923061390,,,Southwark,2018
923340,1,01/07/2000,MWAS,A069379035262,,,Bromley,2018
280577,1,21/11/2007,WBRI,A088291693314,,,Southwark,2021
274248,2,12/06/2005,AIND,W096544617608,,,Hillingdon,2021
303075,1,13/11/2006,ABAN,P098055642543,,,Southwark,2021
340899,1,10/05/2001,WIRT,H063323829962,,,Hillingdon,2017
937777,2,13/09/2005,ABAN,N007572513278,,,Southwark,2017
442009,2,17/02/2004,NOBT,B000162331256,,,Hillingdon,2021
557029,2,04/01/2007,AIND,T099634773040,,,Hillingdon,2019
479556,1,15/04/2006,MWBA,A054171871308,,,Southwark,2019
956819,1,15/11/2002,REFU,R003625207297,,,Hillingdon,2019
673109,1,06/10/2000,WOTH,Q032699198676,,,Hillingdon,2018
506970,1,18/12/2009,BAFR,E076150921231,,,Bromley,2020
745426,2,03/10/2007,APKN,Q051556941170,,,Southwark,2018
787415,1,12/04/2004,MWBC,C053014138768,,,Southwark,2017
230147,2,15/06/2005,BAFR,E096082708682,,,Southwark,2020
462241,1,09/07/2003,NOBT,O059307399715,,,Bromley,2020
213931,2,21/06/2002,BCRB,N011095490793,,,Bromley,2021
365497,1,08/01/2009,ABAN,B088648905633,,,Southwark,2021
737153,1,31/05/2003,WOTH,S091529097102,,,Southwark,2021
464233,1,31/03/2005,WIRT,Z026566439651,,,Southwark,2021
774643,2,27/06/2006,MWAS,Y055033091670,,,Southwark,2020
994928,1,01/02/2005,WROM,G039321116055,,,Hillingdon,2017
694959,1,11/09/2008,MWAS,Z092594109024,,,Hillingdon,2020
248635,2,30/10/2001,BAFR,O075790678196,,,Southwark,2021
513331,1,11/10/2009,WIRT,U062830585128,,,Bromley,2017
876949,1,11/03/2001,AIND,A055109283182,,,Hillingdon,2018
311627,1,25/02/2001,MWBC,M096485943580,,,Southwark,2018
842080,2,14/05/2007,WROM,E036647976521,,,Bromley,2018
927421,2,19/03/2007,ABAN,L096634408111,,,Bromley,2021
643340,1,12/04/2004,WIRT,B025161806306,,,Bromley,2019
550940,1,11/07/2004,BCRB,R034294505579,,,Bromley,2020
155620,2,19/09/2004,OOTH,A001366054712,,,Bromley,2021
386356,1,23/08/2008,BAFR,H047853649807,,,Southwark,2017
365512,2,11/02/2001,MOTH,Q071750813981,,,Bromley,2017
635687,1,25/10/2004,AIND,J067297367919,,,Southwark,2020
428775,1,18/03/2005,AIND,O074379008676,,,Southwark,2021
291083,2,10/08/2006,MWBA,M090388820257,,,Southwark,2021
673034,2,12/02/2008,MWAS,H057704240760,,,Southwark,2019
814038,2,09/01/2007,MWAS,X044981123816,,,Hillingdon,2021
422444,2,30/11/2001,OOTH,M097328773264,,,Southwark,2018
742220,2,24/09/2000,BAFR,M014519228329,,,Bromley,2020
280524,1,24/12/2003,MWBC,G083032692351,,,Southwark,2019
318887,1,07/09/2002,WROM,K044405090237,,,Southwark,2017
5955,1,19/08/2009,BAFR,J068827775173,,,Southwark,2020
781863,1,02/04/2002,WBRI,Y066761025102,,,Southwark,2021
99273,1,03/07/2005,REFU,Y085151664331,,,Southwark,2020
775675,2,02/04/2006,BOTH,J070382886759,,,Southwark,2018
347253,2,29/11/2000,REFU,U091574097544,,,Southwark,2017
140405,1,02/03/2008,NOBT,X024963182164,,,Southwark,2019
753090,1,26/12/2009,MWBC,N074041046350,,,Bromley,2019
610489,2,24/05/2006,APKN,T037978312243,,,Hillingdon,2019
719836,2,30/07/2005,BAFR,V088817270605,,,Southwark,2017
628500,1,07/09/2000,WBRI,I060079204878,,,Bromley,2017
397940,2,17/03/2005,AOTH,T080178625463,,,Bromley,2020
991189,1,20/05/2006,WBRI,S015033405894,,,Hillingdon,2020
70568,1,05/08/2000,NOBT,Z054840334203,,,Hillingdon,2021
472130,1,04/02/2004,MWBA,B023555825835,,,Bromley,2020
261597,1,05/01/2006,WIRI,I083713247408,,,Southwark,2020
942534,2,19/09/2009,MWAS,R040767669795,,,Southwark,2017
210846,2,09/11/2007,WOTH,A011305635661,,,Southwark,2021
187276,1,02/09/2006,AOTH,A030266826026,,,Southwark,2021
293925,1,26/12/2000,ABAN,U067044939862,,,Southwark,2020
716651,1,14/11/2009,AIND,L008065103647,,,Bromley,2017
690022,1,13/05/2002,MOTH,Q090506719697,,,Bromley,2018
171369,2,29/07/2001,ABAN,K086104209748,,,Hillingdon,2018
812221,2,10/08/2006,APKN,V003349657697,,,Bromley,2020
70974,2,22/12/2008,MOTH,W043187278370,,,Southwark,2020
972733,1,06/05/2008,MWAS,L074293376676,,,Southwark,2017
489455,2,31/08/2008,OOTH,F011477533389,,,Southwark,2017
211309,1,07/11/2004,MWAS,T048741222233,,,Hillingdon,2019
359195,2,09/02/2009,AIND,I038100633233,,,Southwark,2017
159447,2,08/12/2008,OOTH,B013886067330,,,Southwark,2018
352274,1,02/10/2000,BOTH,F059320444035,,,Southwark,2018
418846,1,26/08/2009,APKN,Y083756633299,,,Southwark,2021
893365,2,06/09/2003,MOTH,B069232251370,,,Southwark,2021
831429,2,26/12/2009,OOTH,P085918211744,,,Hillingdon,2021
57648,1,02/09/2008,NOBT,E078333898249,,,Hillingdon,2017
315859,2,27/07/2000,WIRT,K069467004274,,,Hillingdon,2020
484400,1,22/04/2003,CHNE,B067536638464,,,Bromley,2017
539670,2,14/04/2008,WBRI,G075411589743,,,Bromley,2021
579068,2,06/11/2002,OOTH,A042666227730,,,Hillingdon,2021
1656,1,25/01/2006,WBRI,J085527718559,,,Southwark,2020
679089,1,23/07/2001,WIRI,M018282532437,,,Hillingdon,2018
257705,2,06/03/2007,WROM,K096643170384,,,Southwark,2021
411707,2,28/10/2008,MOTH,A077301877588,,,Southwark,2020
534005,2,14/05/2000,APKN,D073152340737,,,Southwark,2017
103114,2,16/05/2006,MWBA,K005912181735,,,Southwark,2020
414521,2,14/10/2009,CHNE,I073964300941,,,Bromley,2018
777424,1,05/11/2005,BOTH,X064236256900,,,Southwark,2020
388154,2,11/06/2008,BOTH,V023158284458,,,Southwark,2018
227488,2,11/08/2004,MWBC,I034975157626,,,Hillingdon,2019
279660,2,09/02/2009,OOTH,U097932615128,,,Bromley,2020
481088,1,28/02/2006,CHNE,K088832986703,,,Hillingdon,2021
629831,2,04/10/2007,BAFR,J093468576125,,,Bromley,2017
766270,1,09/02/2002,MWBC,E003704228614,,,Bromley,2017
800491,2,05/07/2008,BAFR,X013500857289,,,Bromley,2021
750487,2,11/06/2003,CHNE,H029935423528,,,Southwark,2021
63975,2,09/12/2006,CHNE,N003600836325,,,Southwark,2017
53927,2,25/01/2006,WOTH,D098398624737,,,Southwark,2020
460752,2,14/11/2008,OOTH,R089951240129,,,Bromley,2021
460574,1,24/12/2002,MOTH,D086331036644,,,Southwark,2017
284120,1,25/05/2009,WOTH,Q075356713877,,,Bromley,2020
546042,1,12/06/2003,WROM,T072999949937,,,Bromley,2019
425538,1,23/08/2009,WROM,M095814341035,,,Hillingdon,2017
584620,1,14/12/2000,MWAS,A096094318072,,,Bromley,2017
164592,2,03/10/2004,MOTH,D061467442844,,,Bromley,2018
519,1,26/03/2002,AOTH,Z083151961630,,,Hillingdon,2021
75578,1,20/06/2001,BAFR,U049087631928,,,Hillingdon,2018
838434,2,12/07/2006,CHNE,J082515354925,,,Southwark,2020
325007,1,06/12/2009,CHNE,H052060460155,,,Southwark,2019
290,2,13/11/2000,MWBC,S077270991828,,,Bromley,2018
294875,1,01/03/2004,MWBA,F062141812188,,,Southwark,2020
502148,1,05/10/2001,OOTH,F010072921303,,,Hillingdon,2018
411555,1,28/04/2001,MWBA,G063125093680,,,Southwark,2018
895808,1,26/01/2009,BAFR,G000052982093,,,Hillingdon,2020
740561,2,21/12/2006,BOTH,E059209051247,,,Bromley,2020
364661,2,21/07/2000,BAFR,R067471644448,,,Bromley,2021
454546,1,25/03/2009,MOTH,G083815330215,,,Southwark,2017
812096,2,04/06/2008,MWBA,W055040635331,,,Southwark,2020
546571,2,04/05/2003,NOBT,O097325077435,,,Bromley,2018
444178,1,22/09/2000,BCRB,H068748435289,,,Hillingdon,2018
446453,1,19/08/2007,MWAS,O060088226723,,,Southwark,2019
275069,2,21/02/2008,REFU,C047233588915,,,Hillingdon,2019
216649,2,22/04/2004,WIRT,M094850983577,,,Hillingdon,2019
579001,1,23/10/2006,WROM,V075376052261,,,Bromley,2020
625998,2,06/07/2003,BOTH,M070449482970,,,Hillingdon,2017
549349,1,14/05/2005,NOBT,Y037398738157,,,Hillingdon,2020
852739,1,22/02/2007,WBRI,S084266748184,,,Hillingdon,2019
149412,2,16/11/2007,BCRB,V042380038652,,,Bromley,2018
417910,1,01/07/2001,MOTH,Z051805894237,,,Bromley,2020
755819,2,30/08/2008,CHNE,C098641532391,,,Hillingdon,2019
162049,1,05/04/2008,OOTH,U075088365759,,,Hillingdon,2019
282989,1,22/10/2009,BOTH,O012221421828,,,Hillingdon,2018
818828,2,27/12/2000,WIRI,P084109199756,,,Hillingdon,2019
675419,1,06/03/2005,AIND,X017327609833,,,Hillingdon,2018
970280,2,02/07/2007,NOBT,E037689757645,,,Bromley,2019
948155,1,25/11/2006,WIRI,N057905873205,,,Southwark,2021
544632,1,08/04/2000,AIND,I003960568634,,,Bromley,2018
397023,2,24/02/2003,OOTH,W009792898792,,,Southwark,2018
923920,1,30/07/2000,ABAN,W014653132554,,,Bromley,2019
422617,2,08/07/2005,NOBT,F001088721722,,,Southwark,2017
536218,1,25/07/2009,OOTH,B080852841567,,,Hillingdon,2021
709655,1,17/05/2006,ABAN,R067442039196,,,Southwark,2017
871945,1,22/01/2006,APKN,L066704408874,,,Southwark,2021
422413,1,15/05/2009,BCRB,P076509903805,,,Southwark,2021
92150,2,31/07/2008,ABAN,X075537188636,,,Bromley,2018
282067,1,13/10/2006,WBRI,L069288592535,,,Southwark,2018
672530,1,02/04/2002,WBRI,J098196068854,,,Bromley,2017
719756,1,27/03/2008,WOTH,G002637750426,,,Southwark,2021
844369,1,24/03/2006,AIND,U057820454535,,,Hillingdon,2017
533989,2,27/11/2002,MWAS,K082258907992,,,Hillingdon,2017
731704,2,31/12/2007,AIND,G012866603948,,,Southwark,2021
236096,2,28/11/2008,MWBA,Y043116630012,,,Southwark,2020
993069,2,25/08/2005,MOTH,D005392752387,,,Hillingdon,2019
146596,2,04/11/2003,WIRT,T084635363492,,,Southwark,2017
46269,2,23/11/2009,REFU,G040660869968,,,Hillingdon,2018
865691,2,13/12/2003,MWAS,M079679871033,,,Bromley,2021
324051,2,02/11/2005,MWBA,X029965769702,,,Bromley,2017
717291,1,10/05/2008,WBRI,R043830567316,,,Bromley,2020
593379,1,09/09/2002,NOBT,R002150782342,,,Hillingdon,2019
814378,2,16/08/2000,AIND,T034688987368,,,Hillingdon,2019
905870,1,24/05/2002,BCRB,M000534024714,,,Bromley,2019
882477,2,03/07/2001,MWBA,E021167971628,,,Southwark,2021
828730,2,16/07/2003,CHNE,W031091763501,,,Bromley,2017
278501,2,20/01/2009,WROM,R014360234551,,,Bromley,2021
666948,2,31/10/2002,BOTH,U071041791144,,,Hillingdon,2020
140302,1,16/03/2004,WIRI,Q043462748535,,,Bromley,2021
438335,1,07/07/2009,OOTH,S049196704737,,,Southwark,2020
122983,1,09/03/2006,AOTH,R029520689140,,,Southwark,2017
516144,1,20/11/2005,MWAS,U096866684592,,,Southwark,2020
433741,2,05/09/2007,MWAS,R006732373718,,,Bromley,2020
109036,2,22/09/2004,OOTH,C023816763637,,,Southwark,2018
163651,2,09/10/2004,REFU,X069070010265,,,Bromley,2017
519059,1,14/08/2005,MOTH,L062252004368,,,Hillingdon,2018
524792,2,04/02/2002,WBRI,E021074591147,,,Bromley,2017
512334,2,09/08/2006,MWAS,I004115279608,,,Southwark,2018
625116,2,16/02/2008,MWAS,M043488667151,,,Southwark,2020
653400,1,03/06/2001,WIRT,U041817259633,,,Bromley,2017
288164,1,28/09/2007,BOTH,O051544951413,,,Southwark,2019
937220,2,04/06/2008,OOTH,S084967372908,,,Bromley,2020
576170,2,04/10/2007,WOTH,R037672110195,,,Bromley,2021
554262,1,20/09/2009,ABAN,I022265318790,,,Bromley,2021
42306,2,20/09/2002,REFU,Z048415637684,,,Southwark,2017
715090,2,16/04/2007,AIND,Y053926726728,,,Bromley,2019
127822,2,14/01/2007,WIRT,G082529607502,,,Bromley,2021
720102,1,07/09/2007,AIND,N089185129229,,,Bromley,2019
62049,1,26/02/2007,WIRT,V007238896684,,,Hillingdon,2021
180755,1,19/11/2005,BCRB,X015184128838,,,Southwark,2021
675875,1,11/04/2005,WIRT,V045446009442,,,Southwark,2017
34572,2,17/09/2008,BCRB,B055762752526,,,Bromley,2017
161955,1,13/01/2009,WBRI,V009092646622,,,Southwark,2019
616437,1,14/12/2004,APKN,G081565732555,,,Southwark,2019
137924,2,30/04/2007,WIRT,X002293765031,,,Southwark,2018
580909,1,03/07/2005,MWAS,J037685050373,,,Hillingdon,2018
741598,2,15/09/2001,AIND,Q016150865898,,,Hillingdon,2018
986890,2,23/10/2003,MOTH,N012106758458,,,Bromley,2020
625004,1,15/03/2008,WROM,F011614995802,,,Southwark,2018
897460,2,10/08/2008,OOTH,T088461658807,,,Bromley,2018
951716,1,01/02/2007,WOTH,H028653313898,,,Southwark,2017
563451,1,19/07/2006,WIRT,E047436963737,,,Bromley,2021
311255,2,26/08/2009,NOBT,G003904541844,,,Southwark,2020
601190,1,03/04/2007,APKN,Y054967331703,,,Bromley,2020
871541,2,22/08/2009,OOTH,B079212267334,,,Bromley,2019
261119,1,14/07/2007,BAFR,P072930722481,,,Hillingdon,2019
778189,2,04/09/2002,AOTH,R036876616149,,,Hillingdon,2020
948010,1,18/11/2006,WROM,Y089162837635,,,Bromley,2017
53639,2,17/01/2001,CHNE,B008138222402,,,Hillingdon,2018
992331,2,05/01/2006,BAFR,Q000523888240,,,Bromley,2021
244657,2,23/04/2002,WBRI,H060707288819,,,Southwark,2021
647811,1,24/05/2006,MOTH,Y003283235498,,,Bromley,2018
822010,1,19/01/2003,WROM,X093091750132,,,Bromley,2018
401650,2,15/10/2006,WBRI,M063490821928,,,Bromley,2017
109200,2,09/08/2008,ABAN,N053378718909,,,Bromley,2020
77296,1,30/06/2007,REFU,R059449166410,,,Southwark,2020
583209,1,02/07/2009,WROM,H031895823080,,,Hillingdon,2020
582902,1,13/02/2006,APKN,A010069569335,,,Bromley,2019
942509,1,05/02/2006,MWAS,B053854775398,,,Hillingdon,2021
73142,1,14/04/2006,WROM,B090324946866,,,Bromley,2019
817309,1,12/07/2005,BAFR,I081122421994,,,Hillingdon,2017
947752,2,15/02/2006,AIND,T003700624866,,,Bromley,2017
893776,1,03/11/2002,AOTH,E090439226140,,,Southwark,2017
978638,1,03/02/2005,WIRI,W042007626395,,,Hillingdon,2020
617686,2,28/11/2006,BOTH,W073455076868,,,Southwark,2021
19259,2,08/08/2007,WROM,K053655532422,,,Hillingdon,2019
110350,2,14/12/2003,AIND,M031904257479,,,Bromley,2021
676893,1,14/08/2002,ABAN,F075405406561,,,Southwark,2018
326293,1,28/08/2009,AOTH,H050087712692,,,Southwark,2021
549023,2,05/07/2005,APKN,P019900227986,,,Southwark,2017
288064,1,25/11/2000,MWAS,H028794284724,,,Southwark,2020
984305,2,21/09/2002,MOTH,M032527292790,,,Southwark,2017
118889,2,16/06/2004,BAFR,H073378260636,,,Hillingdon,2017
783886,1,13/03/2007,WIRT,Q076702560466,,,Southwark,2019
864252,1,17/03/2002,MWBC,H094879522414,,,Bromley,2017
831861,1,28/02/2007,WIRI,A042025448322,,,Bromley,2018
681893,2,14/10/2005,BOTH,B051123714342,,,Southwark,2017
306870,1,26/10/2003,REFU,O001367587323,,,Bromley,2020
96935,1,18/07/2002,CHNE,I062412483276,,,Southwark,2021
729233,2,07/12/2007,OOTH,G004964948238,,,Southwark,2021
804955,1,09/05/2006,REFU,D007056841913,,,Southwark,2017
334368,1,03/04/2006,AIND,L028792298768,,,Hillingdon,2021
558590,2,29/08/2009,WBRI,W020250502990,,,Bromley,2020
357220,1,30/07/2005,MWBA,X085070923823,,,Bromley,2017
156679,1,04/03/2006,BCRB,H037645540127,,,Hillingdon,2020
840802,1,02/12/2005,AOTH,O047182337980,,,Bromley,2020
533183,1,23/10/2004,NOBT,I014564225411,,,Southwark,2021
952289,1,15/02/2009,WBRI,A093384733452,,,Hillingdon,2018
442750,2,20/10/2008,WIRT,Y053556022495,,,Bromley,2019
959235,2,01/07/2003,BAFR,Z054464683471,,,Southwark,2020
530282,1,29/04/2007,WIRI,G024242807169,,,Bromley,2018
395766,2,22/07/2008,AIND,L055752633696,,,Southwark,2017
584671,2,06/08/2008,ABAN,Q072271036671,,,Bromley,2020
673935,2,11/11/2007,WBRI,L095168493623,,,Southwark,2017
435450,2,21/04/2002,WIRI,S006591523642,,,Bromley,2018
684861,2,20/10/2008,BOTH,P071733871682,,,Bromley,2020
198564,1,24/10/2005,MWAS,P047275123481,,,Southwark,2021
69504,2,23/06/2008,OOTH,E075384745223,,,Southwark,2017
773456,1,10/10/2001,MWAS,E030983162950,,,Southwark,2021
448742,2,23/06/2001,MWAS,A076697046522,,,Bromley,2021
374389,1,24/06/2003,ABAN,V042733144571,,,Hillingdon,2017
965457,2,15/06/2000,MOTH,D091580550401,,,Southwark,2019
59856,1,11/01/2004,WIRI,I063792289283,,,Southwark,2020
298190,2,04/03/2005,WOTH,O066578018768,,,Bromley,2020
180759,1,08/04/2002,AIND,N000931516549,,,Hillingdon,2018
373218,2,06/08/2009,WIRT,H032761928047,,,Hillingdon,2019
289121,1,09/10/2006,AOTH,U090716398126,,,Bromley,2017
116646,2,16/05/2005,BCRB,Z034275681264,,,Southwark,2019
333439,1,21/08/2005,AOTH,S091540637620,,,Hillingdon,2018
482840,2,14/01/2005,BOTH,A085653112086,,,Bromley,2021
48338,2,30/05/2001,MWBA,Y080945108691,,,Hillingdon,2019
507322,2,04/01/2008,WIRT,H097482181693,,,Bromley,2017
499567,1,20/02/2001,MOTH,Y019814875489,,,Southwark,2019
850847,2,05/10/2003,APKN,K082991898219,,,Southwark,2020
787064,1,05/10/2001,MWBA,X054946569046,,,Southwark,2017
355602,1,13/02/2004,WBRI,G080686046097,,,Bromley,2019
311063,1,28/05/2009,WIRT,B007827604339,,,Southwark,2019
218168,2,11/07/2004,MWAS,M058030200934,,,Hillingdon,2019
711540,1,30/03/2004,BAFR,O017666959736,,,Bromley,2017
204118,2,21/10/2001,AOTH,Y032357673917,,,Hillingdon,2017
60288,2,29/07/2006,OOTH,Q082280579417,,,Hillingdon,2021
737726,2,17/05/2008,CHNE,L058670690614,,,Southwark,2019
58309,1,30/12/2000,REFU,V024405324654,,,Hillingdon,2021
648057,1,28/06/2009,CHNE,R040595683488,,,Southwark,2019
892330,2,21/08/2005,APKN,J034848297206,,,Bromley,2020
866837,1,27/09/2002,OOTH,K098828333896,,,Southwark,2019
854826,1,12/02/2001,ABAN,Y057584625644,,,Southwark,2020
659430,2,10/04/2003,AIND,Q064727194396,,,Bromley,2017
264289,1,07/12/2007,REFU,M018860799651,,,Hillingdon,2020
694922,1,19/07/2002,REFU,P094406480310,,,Bromley,2021
573864,1,20/02/2008,BAFR,Q058358984984,,,Southwark,2017
793347,1,17/10/2003,WOTH,G026331179666,,,Southwark,2019
553848,1,22/02/2008,NOBT,Q011320601641,,,Hillingdon,2018
87101,2,07/12/2007,MWBA,D020791159791,,,Bromley,2019
255201,1,23/11/2007,WIRT,A001522546263,,,Bromley,2020
4015,1,06/12/2003,NOBT,H085907469081,,,Southwark,2019
951969,1,02/11/2006,AOTH,V025993264806,,,Hillingdon,2021
606708,2,18/09/2003,WOTH,I096058873391,,,Hillingdon,2018
928597,2,29/07/2007,MOTH,E056717634618,,,Southwark,2020
262711,2,14/09/2007,REFU,S081687881585,,,Bromley,2019
441738,2,10/09/2006,MWAS,K019494509879,,,Hillingdon,2018
850642,2,11/11/2006,MWBA,D016985951833,,,Bromley,2021
693410,2,24/12/2003,WIRI,R004144869739,,,Bromley,2019
266902,1,02/05/2004,WROM,N052049038197,,,Bromley,2017
429851,2,10/12/2009,WIRI,F056611049461,,,Bromley,2021
261594,2,17/12/2001,ABAN,H070321813646,,,Southwark,2019
828914,1,09/01/2005,BOTH,G090174302979,,,Southwark,2018
119095,1,05/12/2007,BAFR,T057528386915,,,Southwark,2020
214178,1,12/09/2002,NOBT,P047203921014,,,Hillingdon,2019
981287,1,26/01/2003,MWBA,U058419588348,,,Southwark,2021
830338,1,24/05/2006,AIND,X003972288085,,,Hillingdon,2018
349082,2,14/05/2006,CHNE,C047512541590,,,Bromley,2018
91711,2,27/04/2001,OOTH,Y016608683337,,,Bromley,2017
632442,1,20/01/2005,MOTH,O071795789800,,,Bromley,2020
373260,2,21/09/2008,MWBA,R018060330315,,,Bromley,2017
836643,2,22/11/2004,MOTH,I030369349411,,,Southwark,2020
84737,1,21/04/2004,WIRT,X025204130410,,,Southwark,2019
603626,1,22/09/2001,BAFR,U007275899122,,,Southwark,2020
195764,2,21/02/2004,WROM,H049429355439,,,Southwark,2018
118049,1,04/08/2001,OOTH,N062161336466,,,Hillingdon,2018
909944,1,13/04/2002,WIRI,J023829992196,,,Southwark,2017
440549,2,03/12/2006,MWBA,B064037441287,,,Hillingdon,2020
792567,2,15/02/2001,WIRT,D097146090858,,,Southwark,2018
910378,1,13/12/2009,MWAS,B023913612090,,,Hillingdon,2017
713648,2,01/10/2002,MWBA,P062123386160,,,Hillingdon,2017
21847,1,13/02/2004,WROM,Z011993524554,,,Southwark,2021
330697,1,12/10/2009,MWBC,P029323305197,,,Southwark,2021
413915,2,01/11/2002,AIND,P031181789343,,,Southwark,2019
631575,1,22/10/2008,WROM,E099716520476,,,Southwark,2018
192668,1,07/07/2005,MWBC,N000335584658,,,Hillingdon,2020
223870,1,16/09/2000,WBRI,A066502969583,,,Bromley,2018
982154,2,28/07/2001,CHNE,I088088654954,,,Southwark,2018
409218,2,31/12/2001,BCRB,Z001327382724,,,Hillingdon,2018
184308,1,01/06/2004,OOTH,F046420651728,,,Hillingdon,2017
393387,2,29/01/2006,WIRI,Z058876807681,,,Southwark,2018
841036,1,19/11/2008,AOTH,Q009377518128,,,Southwark,2017
453572,2,27/06/2004,MOTH,I026508187722,,,Bromley,2018
857997,1,03/06/2004,OOTH,R099220405597,,,Southwark,2019
247180,1,12/08/2005,WIRT,Z022464614432,,,Bromley,2017
543132,1,16/06/2004,AIND,C086364535462,,,Bromley,2021
767605,2,20/06/2006,APKN,H022774668507,,,Southwark,2018
6415,1,29/08/2006,AIND,F033988734163,,,Southwark,2019
629818,1,11/08/2002,WIRT,M008861077199,,,Hillingdon,2021
765303,1,10/04/2008,MWAS,J024161603617,,,Southwark,2017
648222,1,16/04/2003,WBRI,N051938630525,,,Bromley,2021
21593,2,04/11/2001,MOTH,H056122346822,,,Southwark,2017
380303,2,19/06/2005,BOTH,X086286406785,,,Southwark,2021
143799,2,24/02/2008,REFU,N099059840895,,,Hillingdon,2021
817314,1,12/10/2007,OOTH,R088751549292,,,Southwark,2020
427390,1,16/10/2006,WROM,N015660778822,,,Bromley,2018
680465,1,16/06/2002,REFU,Z091718254796,,,Southwark,2018
564323,1,28/12/2004,OOTH,J010236504815,,,Southwark,2021
101362,1,12/02/2008,MWBA,M099454790630,,,Bromley,2020
834242,2,29/10/2004,AIND,R094502193405,,,Bromley,2020
201733,1,19/07/2002,MOTH,I099833991726,,,Southwark,2017
903664,2,05/09/2000,MWBA,L087268007291,,,Southwark,2019
679728,2,17/05/2002,BOTH,D058339201817,,,Hillingdon,2017
802543,2,05/04/2003,MOTH,O055717133865,,,Southwark,2017
71212,1,21/10/2005,MWBC,Z001925542051,,,Bromley,2019
612940,1,24/11/2005,WOTH,A003822305686,,,Bromley,2021
617426,2,30/11/2004,ABAN,D088284312670,,,Southwark,2018
717687,2,24/06/2004,WOTH,N011344330592,,,Southwark,2019
98753,1,29/08/2002,WROM,P032701593144,,,Southwark,2018
106241,1,24/12/2006,OOTH,U024318220169,,,Bromley,2021
420134,1,01/11/2002,MWAS,S031429852674,,,Southwark,2021
635964,2,04/08/2008,WBRI,O063156840393,,,Southwark,2019
21038,1,11/11/2005,BCRB,D015126848618,,,Hillingdon,2018
384546,1,09/04/2005,BCRB,W096341189408,,,Southwark,2020
815720,2,24/05/2005,WIRT,W098983056554,,,Bromley,2019
133330,2,31/03/2002,WIRT,X002546712092,,,Bromley,2020
688239,2,09/05/2009,WOTH,B027288022182,,,Hillingdon,2021
859568,1,29/12/2000,BAFR,K087510181640,,,Hillingdon,2020
894785,1,21/05/2008,WIRT,V058982866516,,,Southwark,2017
645812,1,16/09/2004,MOTH,F075071248480,,,Bromley,2019
704159,1,11/06/2009,WIRI,K002117379100,,,Hillingdon,2017
822438,2,26/02/2004,ABAN,W037742180756,,,Hillingdon,2021
115254,2,28/08/2000,BOTH,I006900533424,,,Southwark,2021
795289,2,26/03/2009,WBRI,G001550240323,,,Hillingdon,2017
413831,2,20/05/2002,CHNE,E085513080158,,,Bromley,2019
479546,2,20/06/2004,WROM,T023616009919,,,Southwark,2018
639837,2,22/05/2007,BCRB,Y009937814893,,,Southwark,2019
882936,2,08/06/2002,WOTH,K009074692690,,,Southwark,2021
238852,1,26/07/2004,NOBT,O008745492719,,,Bromley,2018
983227,2,05/08/2000,ABAN,E077707519338,,,Southwark,2018
476742,1,29/06/2003,WIRI,N078979811018,,,Bromley,2017
878043,2,13/10/2002,AIND,P002609187593,,,Southwark,2017
230497,1,20/09/2004,WROM,R032921144951,,,Southwark,2021
836390,1,04/02/2006,MWBC,W045004812806,,,Bromley,2021
285207,1,06/11/2006,MWBC,J057682867771,,,Southwark,2021
208004,1,10/08/2008,OOTH,V073576679486,,,Southwark,2018
567517,1,12/03/2005,WIRI,L053339980268,,,Southwark,2019
650517,2,05/08/2002,BOTH,I066611395168,,,Southwark,2019
745488,2,15/12/2001,WIRI,L046180296064,,,Hillingdon,2018
86668,2,04/02/2007,AOTH,Y077084356283,,,Hillingdon,2018
468377,2,04/08/2009,MWAS,Q025084983164,,,Southwark,2021
628941,2,11/10/2006,MWBA,L055166112691,,,Bromley,2019
369699,2,10/07/2009,AOTH,O025381805764,,,Hillingdon,2018
853697,1,23/09/2004,WBRI,X099732345480,,,Southwark,2020
369488,2,12/09/2001,MWBC,N054210575389,,,Hillingdon,2018
448400,2,07/01/2007,MWBC,B087398548399,,,Bromley,2020
12539,2,22/04/2000,MWBC,Z091166982083,,,Hillingdon,2017
64562,2,17/06/2002,MWBA,O006555315645,,,Bromley,2019
534492,2,17/08/2006,MOTH,Y048194690939,,,Bromley,2020
994285,2,13/01/2006,MWAS,P011370238806,,,Southwark,2020
582281,2,01/07/2000,ABAN,R025959460025,,,Bromley,2021
372509,2,23/07/2009,CHNE,B094429243485,,,Hillingdon,2019
84450,2,30/08/2000,WOTH,A057651213509,,,Bromley,2019
655772,2,04/07/2005,WBRI,W081625066459,,,Bromley,2021
163267,2,09/07/2007,ABAN,V094699942403,,,Southwark,2018
610919,1,04/06/2002,BAFR,M073610154144,,,Hillingdon,2021
186596,2,12/10/2008,AIND,W021307552990,,,Southwark,2018
379507,2,12/08/2003,OOTH,T026518202090,,,Southwark,2021
245022,2,30/05/2004,BOTH,R028495108112,,,Bromley,2020
979997,1,26/08/2006,BOTH,W040869565659,,,Southwark,2020
933360,1,16/06/2007,BOTH,P008714621502,,,Bromley,2021
389737,2,25/03/2004,WROM,B057672892489,,,Southwark,2020
31063,1,19/10/2000,BAFR,G020745464297,,,Southwark,2019
520411,2,19/10/2006,BAFR,K081122728594,,,Bromley,2017
671612,1,04/06/2001,BAFR,C008556062278,,,Bromley,2019
442704,1,22/09/2003,REFU,S075767370222,,,Southwark,2019
739118,1,13/08/2005,AOTH,X008493014804,,,Hillingdon,2018
958808,1,31/01/2001,BOTH,U025056158245,,,Hillingdon,2021
687605,2,19/05/2009,AIND,O058569223152,,,Southwark,2020
954202,2,10/09/2004,AOTH,X051743978002,,,Bromley,2018
221218,2,26/06/2006,APKN,V011325960248,,,Hillingdon,2018
990787,2,27/07/2003,WIRI,T044014424407,,,Southwark,2020
362033,2,16/08/2004,WIRT,D060707064018,,,Southwark,2019
34153,2,29/07/2008,WROM,B074698293514,,,Southwark,2017
979155,1,13/07/2008,MWBC,K052932971782,,,Southwark,2019
447690,1,10/03/2008,AOTH,N042829836086,,,Bromley,2017
571830,2,04/03/2005,MWAS,F010619698203,,,Bromley,2020
287890,2,14/04/2000,OOTH,X093167654895,,,Bromley,2020
656076,1,04/09/2007,BAFR,C014158485608,,,Southwark,2021
679022,1,30/11/2002,WIRT,O008874923542,,,Bromley,2019
756853,2,23/06/2006,BOTH,C097398776303,,,Southwark,2019
159388,2,11/04/2005,WROM,Q056192525057,,,Hillingdon,2017
782906,1,27/11/2000,AOTH,H035065538760,,,Southwark,2017
266650,1,11/09/2006,APKN,Y007951826550,,,Bromley,2019
339147,2,02/03/2009,WROM,A096561183348,,,Southwark,2021
604407,1,30/05/2008,BAFR,B079431354612,,,Southwark,2019
147816,1,07/12/2001,WIRT,O081284825129,,,Southwark,2019
276079,1,27/11/2002,MWBA,M014438865898,,,Hillingdon,2020
960186,2,14/01/2007,MWBA,F041131784225,,,Southwark,2019
415235,2,28/05/2001,AOTH,D091967128218,,,Southwark,2017
406846,2,17/04/2009,MWBC,W043370432142,,,Southwark,2018
87322,2,27/02/2002,MWAS,M005696971224,,,Bromley,2018
496063,2,04/04/2007,ABAN,D095980736334,,,Southwark,2021
633285,1,09/09/2006,WROM,N051625436170,,,Southwark,2018
814087,1,03/07/2007,BCRB,T040175073106,,,Southwark,2019
16960,1,12/03/2009,APKN,V024089230359,,,Bromley,2020
295116,2,31/08/2006,MOTH,X091944716008,,,Southwark,2021
297403,2,21/12/2004,AOTH,Y044995074588,,,Southwark,2019
309655,1,04/06/2006,REFU,A072993740270,,,Southwark,2017
636479,2,15/07/2008,MWAS,I021092728856,,,Hillingdon,2018
166761,2,19/12/2008,WIRT,D020659109925,,,Bromley,2018
588334,2,30/05/2002,AOTH,D044329249646,,,Southwark,2017
571007,2,22/09/2009,AOTH,X004460631323,,,Southwark,2017
869102,1,03/12/2008,WIRI,X078063122799,,,Bromley,2018
988280,2,09/04/2008,AOTH,P008164917573,,,Bromley,2018
790932,2,19/05/2007,AIND,F071705499395,,,Bromley,2021
247698,2,18/05/2004,WBRI,L073046772523,,,Hillingdon,2019
853700,2,14/01/2004,WBRI,E068721878684,,,Bromley,2018
975004,1,06/10/2008,MWBA,Z055305609394,,,Southwark,2018
528962,2,10/11/2004,BAFR,T061793193706,,,Bromley,2019
117430,1,11/11/2002,WBRI,H057389141678,,,Bromley,2021
88024,1,05/02/2008,MWAS,S051040920649,,,Southwark,2019
827864,1,05/02/2002,WIRT,R046681309258,,,Southwark,2018
569582,2,31/03/2005,MOTH,B077382719036,,,Bromley,2021
443989,2,24/03/2009,MWAS,M011912690537,,,Hillingdon,2019
820261,2,15/08/2001,NOBT,O050327186695,,,Bromley,2020
548319,1,13/10/2006,AOTH,T012348497871,,,Hillingdon,2019
640353,1,19/02/2004,REFU,Z053273524673,,,Southwark,2021
62551,2,18/03/2005,OOTH,R084010198416,,,Bromley,2019
185992,2,29/07/2009,BAFR,U054252063976,,,Bromley,2020
225242,2,27/11/2005,AIND,E024501213825,,,Bromley,2021
158853,2,11/04/2008,WBRI,E043584864318,,,Southwark,2020
295982,1,21/02/2009,MWBC,T051788328004,,,Bromley,2021
53693,1,28/12/2007,MWBA,E072016439902,,,Southwark,2020
168196,1,12/10/2009,APKN,L066695746570,,,Southwark,2017
637234,2,07/08/2006,APKN,G014513081279,,,Southwark,2021
406894,2,15/08/2002,ABAN,V019456276394,,,Southwark,2017
721638,2,03/07/2009,WIRT,G008792854228,,,Hillingdon,2019
525420,1,12/12/2009,WOTH,R041861435456,,,Bromley,2019
711196,2,17/07/2005,APKN,D043851960232,,,Southwark,2020
515339,1,10/11/2005,BCRB,S016112573169,,,Hillingdon,2018
289653,1,29/12/2001,WIRT,A048478311268,,,Southwark,2021
457493,2,09/06/2007,WOTH,T049797830770,,,Southwark,2019
447903,1,19/03/2007,MWAS,Q013754822945,,,Southwark,2018
230591,2,15/04/2009,MWBC,A067433156499,,,Bromley,2019
92629,1,31/07/2006,WROM,L042232277738,,,Hillingdon,2017
626490,2,03/10/2009,AIND,U076204007293,,,Bromley,2017
718139,1,25/12/2008,MOTH,Y045825008717,,,Hillingdon,2018
623826,1,30/12/2003,APKN,E050651948637,,,Southwark,2021
934454,1,07/06/2001,OOTH,V030401216782,,,Southwark,2019
955207,1,22/10/2008,OOTH,W018324324781,,,Southwark,2018
521749,1,17/11/2005,BAFR,Z078480542435,,,Hillingdon,2020
158809,2,19/09/2006,WROM,I080683999830,,,Hillingdon,2017
374015,1,26/11/2008,BOTH,R026374952883,,,Southwark,2017
420870,2,13/09/2005,WIRI,S036567914789,,,Bromley,2020
748243,1,01/10/2007,AIND,W059468322032,,,Southwark,2018
686067,1,07/03/2007,OOTH,B011159170354,,,Southwark,2018
227758,1,23/04/2003,MWBC,R052046819237,,,Hillingdon,2020
184159,1,19/09/2007,BOTH,D099660751122,,,Hillingdon,2017
545261,1,14/12/2006,WIRI,H042028194278,,,Bromley,2020
814528,1,17/07/2004,REFU,I011102004022,,,Hillingdon,2019
830787,1,17/11/2003,WBRI,B040909196751,,,Southwark,2020
243537,2,17/01/2006,OOTH,H085633752004,,,Southwark,2020
439481,2,17/04/2007,WBRI,J016387031321,,,Bromley,2018
259754,1,02/05/2007,MOTH,X012605454287,,,Southwark,2019
700392,2,07/08/2008,MOTH,Z051414404651,,,Bromley,2019
260471,1,17/03/2002,AOTH,J031376199335,,,Bromley,2021
725812,2,21/11/2006,WBRI,P002971600776,,,Bromley,2017
904092,2,20/06/2005,REFU,Y067126633030,,,Bromley,2020
735996,1,05/10/2007,WROM,C009844470867,,,Southwark,2018
814676,2,21/02/2002,MOTH,L051308299899,,,Southwark,2020
424048,2,28/04/2004,WIRI,K052262191905,,,Hillingdon,2021
502939,1,08/07/2005,AOTH,J006324372711,,,Hillingdon,2020
955390,1,03/09/2005,CHNE,M053319012692,,,Bromley,2017
536074,2,05/11/2008,WIRI,O071080534225,,,Southwark,2019
731959,2,29/09/2007,WOTH,R061705640248,,,Hillingdon,2018
370716,1,21/07/2009,WOTH,S085294584266,,,Southwark,2019
279171,1,15/01/2008,MOTH,Y090960052228,,,Bromley,2019
99151,1,27/12/2005,REFU,V026071191052,,,Bromley,2017
87408,2,09/01/2005,MOTH,P019403841816,,,Hillingdon,2020
204727,1,17/03/2006,APKN,X017180369396,,,Southwark,2018
604939,2,25/01/2005,BCRB,J094995647415,,,Hillingdon,2021
96146,1,28/01/2009,REFU,M077031628515,,,Southwark,2021
294712,2,19/12/2009,WIRI,V065638224431,,,Bromley,2018
562913,1,21/01/2002,WOTH,X072942545850,,,Southwark,2019
862146,2,02/08/2006,APKN,T040866019829,,,Southwark,2017
2351,1,19/07/2003,NOBT,H073568167382,,,Bromley,2017
274248,2,12/06/2005,AIND,W096544617608,,,Hillingdon,2019
340899,1,10/05/2001,WIRT,H063323829962,,,Hillingdon,2020
442009,2,17/02/2004,NOBT,B000162331256,,,Hillingdon,2020
557029,2,04/01/2007,AIND,T099634773040,,,Hillingdon,2018
479556,1,15/04/2006,MWBA,A054171871308,,,Southwark,2018
956819,1,15/11/2002,REFU,R003625207297,,,Hillingdon,2021
506970,1,18/12/2009,BAFR,E076150921231,,,Bromley,2018
745426,2,03/10/2007,APKN,Q051556941170,,,Southwark,2019
230147,2,15/06/2005,BAFR,E096082708682,,,Southwark,2021
462241,1,09/07/2003,NOBT,O059307399715,,,Bromley,2019
737153,1,31/05/2003,WOTH,S091529097102,,,Southwark,2021
464233,1,31/03/2005,WIRT,Z026566439651,,,Southwark,2021
994928,1,01/02/2005,WROM,G039321116055,,,Hillingdon,2018
694959,1,11/09/2008,MWAS,Z092594109024,,,Hillingdon,2020
248635,2,30/10/2001,BAFR,O075790678196,,,Southwark,2020
842080,2,14/05/2007,WROM,E036647976521,,,Bromley,2021
386356,1,23/08/2008,BAFR,H047853649807,,,Southwark,2020
428775,1,18/03/2005,AIND,O074379008676,,,Southwark,2019
291083,2,10/08/2006,MWBA,M090388820257,,,Southwark,2019
673034,2,12/02/2008,MWAS,H057704240760,,,Southwark,2018
814038,2,09/01/2007,MWAS,X044981123816,,,Hillingdon,2021
422444,2,30/11/2001,OOTH,M097328773264,,,Southwark,2019
318887,1,07/09/2002,WROM,K044405090237,,,Southwark,2019
5955,1,19/08/2009,BAFR,J068827775173,,,Southwark,2018
781863,1,02/04/2002,WBRI,Y066761025102,,,Southwark,2020
99273,1,03/07/2005,REFU,Y085151664331,,,Southwark,2021
775675,2,02/04/2006,BOTH,J070382886759,,,Southwark,2021
610489,2,24/05/2006,APKN,T037978312243,,,Hillingdon,2020
719836,2,30/07/2005,BAFR,V088817270605,,,Southwark,2019
991189,1,20/05/2006,WBRI,S015033405894,,,Hillingdon,2018
472130,1,04/02/2004,MWBA,B023555825835,,,Bromley,2018
210846,2,09/11/2007,WOTH,A011305635661,,,Southwark,2019
187276,1,02/09/2006,AOTH,A030266826026,,,Southwark,2019
690022,1,13/05/2002,MOTH,Q090506719697,,,Bromley,2019
70974,2,22/12/2008,MOTH,W043187278370,,,Southwark,2017
489455,2,31/08/2008,OOTH,F011477533389,,,Southwark,2017
359195,2,09/02/2009,AIND,I038100633233,,,Southwark,2019
418846,1,26/08/2009,APKN,Y083756633299,,,Southwark,2018
893365,2,06/09/2003,MOTH,B069232251370,,,Southwark,2021
831429,2,26/12/2009,OOTH,P085918211744,,,Hillingdon,2021
57648,1,02/09/2008,NOBT,E078333898249,,,Hillingdon,2020
679089,1,23/07/2001,WIRI,M018282532437,,,Hillingdon,2020
257705,2,06/03/2007,WROM,K096643170384,,,Southwark,2019
411707,2,28/10/2008,MOTH,A077301877588,,,Southwark,2018
414521,2,14/10/2009,CHNE,I073964300941,,,Bromley,2019
777424,1,05/11/2005,BOTH,X064236256900,,,Southwark,2019
388154,2,11/06/2008,BOTH,V023158284458,,,Southwark,2020
227488,2,11/08/2004,MWBC,I034975157626,,,Hillingdon,2017
279660,2,09/02/2009,OOTH,U097932615128,,,Bromley,2021
481088,1,28/02/2006,CHNE,K088832986703,,,Hillingdon,2017
629831,2,04/10/2007,BAFR,J093468576125,,,Bromley,2021
766270,1,09/02/2002,MWBC,E003704228614,,,Bromley,2017
800491,2,05/07/2008,BAFR,X013500857289,,,Bromley,2020
750487,2,11/06/2003,CHNE,H029935423528,,,Southwark,2019
63975,2,09/12/2006,CHNE,N003600836325,,,Southwark,2017
460752,2,14/11/2008,OOTH,R089951240129,,,Bromley,2018
460574,1,24/12/2002,MOTH,D086331036644,,,Southwark,2018
284120,1,25/05/2009,WOTH,Q075356713877,,,Bromley,2019
546042,1,12/06/2003,WROM,T072999949937,,,Bromley,2021
425538,1,23/08/2009,WROM,M095814341035,,,Hillingdon,2017
164592,2,03/10/2004,MOTH,D061467442844,,,Bromley,2019
838434,2,12/07/2006,CHNE,J082515354925,,,Southwark,2017
294875,1,01/03/2004,MWBA,F062141812188,,,Southwark,2017
411555,1,28/04/2001,MWBA,G063125093680,,,Southwark,2020
895808,1,26/01/2009,BAFR,G000052982093,,,Hillingdon,2021
812096,2,04/06/2008,MWBA,W055040635331,,,Southwark,2018
546571,2,04/05/2003,NOBT,O097325077435,,,Bromley,2021
275069,2,21/02/2008,REFU,C047233588915,,,Hillingdon,2021
216649,2,22/04/2004,WIRT,M094850983577,,,Hillingdon,2018
579001,1,23/10/2006,WROM,V075376052261,,,Bromley,2018
625998,2,06/07/2003,BOTH,M070449482970,,,Hillingdon,2018
549349,1,14/05/2005,NOBT,Y037398738157,,,Hillingdon,2018
852739,1,22/02/2007,WBRI,S084266748184,,,Hillingdon,2019
149412,2,16/11/2007,BCRB,V042380038652,,,Bromley,2018
755819,2,30/08/2008,CHNE,C098641532391,,,Hillingdon,2019
162049,1,05/04/2008,OOTH,U075088365759,,,Hillingdon,2019
970280,2,02/07/2007,NOBT,E037689757645,,,Bromley,2021
948155,1,25/11/2006,WIRI,N057905873205,,,Southwark,2021
397023,2,24/02/2003,OOTH,W009792898792,,,Southwark,2019
422617,2,08/07/2005,NOBT,F001088721722,,,Southwark,2019
536218,1,25/07/2009,OOTH,B080852841567,,,Hillingdon,2020
871945,1,22/01/2006,APKN,L066704408874,,,Southwark,2019
92150,2,31/07/2008,ABAN,X075537188636,,,Bromley,2017
672530,1,02/04/2002,WBRI,J098196068854,,,Bromley,2018
719756,1,27/03/2008,WOTH,G002637750426,,,Southwark,2021
533989,2,27/11/2002,MWAS,K082258907992,,,Hillingdon,2019
731704,2,31/12/2007,AIND,G012866603948,,,Southwark,2020
236096,2,28/11/2008,MWBA,Y043116630012,,,Southwark,2018
146596,2,04/11/2003,WIRT,T084635363492,,,Southwark,2019
46269,2,23/11/2009,REFU,G040660869968,,,Hillingdon,2018
865691,2,13/12/2003,MWAS,M079679871033,,,Bromley,2018
324051,2,02/11/2005,MWBA,X029965769702,,,Bromley,2020
717291,1,10/05/2008,WBRI,R043830567316,,,Bromley,2019
905870,1,24/05/2002,BCRB,M000534024714,,,Bromley,2019
882477,2,03/07/2001,MWBA,E021167971628,,,Southwark,2021
278501,2,20/01/2009,WROM,R014360234551,,,Bromley,2018
140302,1,16/03/2004,WIRI,Q043462748535,,,Bromley,2018
438335,1,07/07/2009,OOTH,S049196704737,,,Southwark,2019
122983,1,09/03/2006,AOTH,R029520689140,,,Southwark,2018
433741,2,05/09/2007,MWAS,R006732373718,,,Bromley,2018
109036,2,22/09/2004,OOTH,C023816763637,,,Southwark,2017
519059,1,14/08/2005,MOTH,L062252004368,,,Hillingdon,2020
524792,2,04/02/2002,WBRI,E021074591147,,,Bromley,2018
512334,2,09/08/2006,MWAS,I004115279608,,,Southwark,2019
625116,2,16/02/2008,MWAS,M043488667151,,,Southwark,2018
653400,1,03/06/2001,WIRT,U041817259633,,,Bromley,2018
576170,2,04/10/2007,WOTH,R037672110195,,,Bromley,2021
554262,1,20/09/2009,ABAN,I022265318790,,,Bromley,2019
42306,2,20/09/2002,REFU,Z048415637684,,,Southwark,2021
715090,2,16/04/2007,AIND,Y053926726728,,,Bromley,2018
127822,2,14/01/2007,WIRT,G082529607502,,,Bromley,2019
720102,1,07/09/2007,AIND,N089185129229,,,Bromley,2019
180755,1,19/11/2005,BCRB,X015184128838,,,Southwark,2018
675875,1,11/04/2005,WIRT,V045446009442,,,Southwark,2021
34572,2,17/09/2008,BCRB,B055762752526,,,Bromley,2018
616437,1,14/12/2004,APKN,G081565732555,,,Southwark,2017
580909,1,03/07/2005,MWAS,J037685050373,,,Hillingdon,2021
741598,2,15/09/2001,AIND,Q016150865898,,,Hillingdon,2021
986890,2,23/10/2003,MOTH,N012106758458,,,Bromley,2020
625004,1,15/03/2008,WROM,F011614995802,,,Southwark,2017
951716,1,01/02/2007,WOTH,H028653313898,,,Southwark,2021
601190,1,03/04/2007,APKN,Y054967331703,,,Bromley,2017
871541,2,22/08/2009,OOTH,B079212267334,,,Bromley,2018
261119,1,14/07/2007,BAFR,P072930722481,,,Hillingdon,2017
778189,2,04/09/2002,AOTH,R036876616149,,,Hillingdon,2019
948010,1,18/11/2006,WROM,Y089162837635,,,Bromley,2017
992331,2,05/01/2006,BAFR,Q000523888240,,,Bromley,2019
647811,1,24/05/2006,MOTH,Y003283235498,,,Bromley,2017
401650,2,15/10/2006,WBRI,M063490821928,,,Bromley,2017
109200,2,09/08/2008,ABAN,N053378718909,,,Bromley,2021
77296,1,30/06/2007,REFU,R059449166410,,,Southwark,2018
583209,1,02/07/2009,WROM,H031895823080,,,Hillingdon,2021
582902,1,13/02/2006,APKN,A010069569335,,,Bromley,2020
73142,1,14/04/2006,WROM,B090324946866,,,Bromley,2020
947752,2,15/02/2006,AIND,T003700624866,,,Bromley,2021
893776,1,03/11/2002,AOTH,E090439226140,,,Southwark,2021
978638,1,03/02/2005,WIRI,W042007626395,,,Hillingdon,2021
617686,2,28/11/2006,BOTH,W073455076868,,,Southwark,2017
19259,2,08/08/2007,WROM,K053655532422,,,Hillingdon,2019
110350,2,14/12/2003,AIND,M031904257479,,,Bromley,2020
326293,1,28/08/2009,AOTH,H050087712692,,,Southwark,2018
549023,2,05/07/2005,APKN,P019900227986,,,Southwark,2021
118889,2,16/06/2004,BAFR,H073378260636,,,Hillingdon,2018
783886,1,13/03/2007,WIRT,Q076702560466,,,Southwark,2018
831861,1,28/02/2007,WIRI,A042025448322,,,Bromley,2021
681893,2,14/10/2005,BOTH,B051123714342,,,Southwark,2019
306870,1,26/10/2003,REFU,O001367587323,,,Bromley,2019
729233,2,07/12/2007,OOTH,G004964948238,,,Southwark,2021
804955,1,09/05/2006,REFU,D007056841913,,,Southwark,2017
357220,1,30/07/2005,MWBA,X085070923823,,,Bromley,2020
840802,1,02/12/2005,AOTH,O047182337980,,,Bromley,2021
952289,1,15/02/2009,WBRI,A093384733452,,,Hillingdon,2019
530282,1,29/04/2007,WIRI,G024242807169,,,Bromley,2019
584671,2,06/08/2008,ABAN,Q072271036671,,,Bromley,2019
673935,2,11/11/2007,WBRI,L095168493623,,,Southwark,2018
684861,2,20/10/2008,BOTH,P071733871682,,,Bromley,2019
198564,1,24/10/2005,MWAS,P047275123481,,,Southwark,2020
69504,2,23/06/2008,OOTH,E075384745223,,,Southwark,2020
448742,2,23/06/2001,MWAS,A076697046522,,,Bromley,2019
374389,1,24/06/2003,ABAN,V042733144571,,,Hillingdon,2018
373218,2,06/08/2009,WIRT,H032761928047,,,Hillingdon,2018
289121,1,09/10/2006,AOTH,U090716398126,,,Bromley,2020
482840,2,14/01/2005,BOTH,A085653112086,,,Bromley,2021
48338,2,30/05/2001,MWBA,Y080945108691,,,Hillingdon,2021
850847,2,05/10/2003,APKN,K082991898219,,,Southwark,2021
787064,1,05/10/2001,MWBA,X054946569046,,,Southwark,2018
355602,1,13/02/2004,WBRI,G080686046097,,,Bromley,2018
311063,1,28/05/2009,WIRT,B007827604339,,,Southwark,2019
218168,2,11/07/2004,MWAS,M058030200934,,,Hillingdon,2021
711540,1,30/03/2004,BAFR,O017666959736,,,Bromley,2019
204118,2,21/10/2001,AOTH,Y032357673917,,,Hillingdon,2021
60288,2,29/07/2006,OOTH,Q082280579417,,,Hillingdon,2017
737726,2,17/05/2008,CHNE,L058670690614,,,Southwark,2017
648057,1,28/06/2009,CHNE,R040595683488,,,Southwark,2017
892330,2,21/08/2005,APKN,J034848297206,,,Bromley,2018
866837,1,27/09/2002,OOTH,K098828333896,,,Southwark,2019
659430,2,10/04/2003,AIND,Q064727194396,,,Bromley,2017
694922,1,19/07/2002,REFU,P094406480310,,,Bromley,2021
573864,1,20/02/2008,BAFR,Q058358984984,,,Southwark,2021
793347,1,17/10/2003,WOTH,G026331179666,,,Southwark,2018
553848,1,22/02/2008,NOBT,Q011320601641,,,Hillingdon,2019
255201,1,23/11/2007,WIRT,A001522546263,,,Bromley,2020
4015,1,06/12/2003,NOBT,H085907469081,,,Southwark,2017
951969,1,02/11/2006,AOTH,V025993264806,,,Hillingdon,2019
606708,2,18/09/2003,WOTH,I096058873391,,,Hillingdon,2019
928597,2,29/07/2007,MOTH,E056717634618,,,Southwark,2020
262711,2,14/09/2007,REFU,S081687881585,,,Bromley,2017
693410,2,24/12/2003,WIRI,R004144869739,,,Bromley,2018
266902,1,02/05/2004,WROM,N052049038197,,,Bromley,2017
429851,2,10/12/2009,WIRI,F056611049461,,,Bromley,2021
119095,1,05/12/2007,BAFR,T057528386915,,,Southwark,2018
214178,1,12/09/2002,NOBT,P047203921014,,,Hillingdon,2019
981287,1,26/01/2003,MWBA,U058419588348,,,Southwark,2020
830338,1,24/05/2006,AIND,X003972288085,,,Hillingdon,2018
349082,2,14/05/2006,CHNE,C047512541590,,,Bromley,2018
91711,2,27/04/2001,OOTH,Y016608683337,,,Bromley,2021
632442,1,20/01/2005,MOTH,O071795789800,,,Bromley,2017
836643,2,22/11/2004,MOTH,I030369349411,,,Southwark,2020
195764,2,21/02/2004,WROM,H049429355439,,,Southwark,2019
909944,1,13/04/2002,WIRI,J023829992196,,,Southwark,2020
440549,2,03/12/2006,MWBA,B064037441287,,,Hillingdon,2018
910378,1,13/12/2009,MWAS,B023913612090,,,Hillingdon,2018
713648,2,01/10/2002,MWBA,P062123386160,,,Hillingdon,2017
21847,1,13/02/2004,WROM,Z011993524554,,,Southwark,2018
330697,1,12/10/2009,MWBC,P029323305197,,,Southwark,2019
413915,2,01/11/2002,AIND,P031181789343,,,Southwark,2017
631575,1,22/10/2008,WROM,E099716520476,,,Southwark,2020
192668,1,07/07/2005,MWBC,N000335584658,,,Hillingdon,2020
982154,2,28/07/2001,CHNE,I088088654954,,,Southwark,2020
184308,1,01/06/2004,OOTH,F046420651728,,,Hillingdon,2020
393387,2,29/01/2006,WIRI,Z058876807681,,,Southwark,2021
453572,2,27/06/2004,MOTH,I026508187722,,,Bromley,2020
857997,1,03/06/2004,OOTH,R099220405597,,,Southwark,2019
247180,1,12/08/2005,WIRT,Z022464614432,,,Bromley,2019
6415,1,29/08/2006,AIND,F033988734163,,,Southwark,2019
629818,1,11/08/2002,WIRT,M008861077199,,,Hillingdon,2018
648222,1,16/04/2003,WBRI,N051938630525,,,Bromley,2018
21593,2,04/11/2001,MOTH,H056122346822,,,Southwark,2021
380303,2,19/06/2005,BOTH,X086286406785,,,Southwark,2019
143799,2,24/02/2008,REFU,N099059840895,,,Hillingdon,2021
680465,1,16/06/2002,REFU,Z091718254796,,,Southwark,2018
101362,1,12/02/2008,MWBA,M099454790630,,,Bromley,2017
679728,2,17/05/2002,BOTH,D058339201817,,,Hillingdon,2021
802543,2,05/04/2003,MOTH,O055717133865,,,Southwark,2020
71212,1,21/10/2005,MWBC,Z001925542051,,,Bromley,2018
612940,1,24/11/2005,WOTH,A003822305686,,,Bromley,2020
617426,2,30/11/2004,ABAN,D088284312670,,,Southwark,2018
717687,2,24/06/2004,WOTH,N011344330592,,,Southwark,2018
106241,1,24/12/2006,OOTH,U024318220169,,,Bromley,2017
420134,1,01/11/2002,MWAS,S031429852674,,,Southwark,2017
635964,2,04/08/2008,WBRI,O063156840393,,,Southwark,2017
384546,1,09/04/2005,BCRB,W096341189408,,,Southwark,2017
815720,2,24/05/2005,WIRT,W098983056554,,,Bromley,2021
133330,2,31/03/2002,WIRT,X002546712092,,,Bromley,2017
688239,2,09/05/2009,WOTH,B027288022182,,,Hillingdon,2018
894785,1,21/05/2008,WIRT,V058982866516,,,Southwark,2019
645812,1,16/09/2004,MOTH,F075071248480,,,Bromley,2019
822438,2,26/02/2004,ABAN,W037742180756,,,Hillingdon,2019
795289,2,26/03/2009,WBRI,G001550240323,,,Hillingdon,2019
413831,2,20/05/2002,CHNE,E085513080158,,,Bromley,2018
479546,2,20/06/2004,WROM,T023616009919,,,Southwark,2019
476742,1,29/06/2003,WIRI,N078979811018,,,Bromley,2017
878043,2,13/10/2002,AIND,P002609187593,,,Southwark,2020
836390,1,04/02/2006,MWBC,W045004812806,,,Bromley,2021
285207,1,06/11/2006,MWBC,J057682867771,,,Southwark,2018
208004,1,10/08/2008,OOTH,V073576679486,,,Southwark,2021
567517,1,12/03/2005,WIRI,L053339980268,,,Southwark,2020
86668,2,04/02/2007,AOTH,Y077084356283,,,Hillingdon,2018
468377,2,04/08/2009,MWAS,Q025084983164,,,Southwark,2018
369699,2,10/07/2009,AOTH,O025381805764,,,Hillingdon,2017
853697,1,23/09/2004,WBRI,X099732345480,,,Southwark,2020
369488,2,12/09/2001,MWBC,N054210575389,,,Hillingdon,2018
64562,2,17/06/2002,MWBA,O006555315645,,,Bromley,2017
534492,2,17/08/2006,MOTH,Y048194690939,,,Bromley,2017
994285,2,13/01/2006,MWAS,P011370238806,,,Southwark,2020
372509,2,23/07/2009,CHNE,B094429243485,,,Hillingdon,2018
655772,2,04/07/2005,WBRI,W081625066459,,,Bromley,2021
163267,2,09/07/2007,ABAN,V094699942403,,,Southwark,2021
610919,1,04/06/2002,BAFR,M073610154144,,,Hillingdon,2019
186596,2,12/10/2008,AIND,W021307552990,,,Southwark,2019
379507,2,12/08/2003,OOTH,T026518202090,,,Southwark,2018
245022,2,30/05/2004,BOTH,R028495108112,,,Bromley,2020
979997,1,26/08/2006,BOTH,W040869565659,,,Southwark,2020
933360,1,16/06/2007,BOTH,P008714621502,,,Bromley,2018
520411,2,19/10/2006,BAFR,K081122728594,,,Bromley,2020
442704,1,22/09/2003,REFU,S075767370222,,,Southwark,2021
687605,2,19/05/2009,AIND,O058569223152,,,Southwark,2017
954202,2,10/09/2004,AOTH,X051743978002,,,Bromley,2020
221218,2,26/06/2006,APKN,V011325960248,,,Hillingdon,2021
990787,2,27/07/2003,WIRI,T044014424407,,,Southwark,2021
362033,2,16/08/2004,WIRT,D060707064018,,,Southwark,2017
34153,2,29/07/2008,WROM,B074698293514,,,Southwark,2019
979155,1,13/07/2008,MWBC,K052932971782,,,Southwark,2021
447690,1,10/03/2008,AOTH,N042829836086,,,Bromley,2020
571830,2,04/03/2005,MWAS,F010619698203,,,Bromley,2021
656076,1,04/09/2007,BAFR,C014158485608,,,Southwark,2018
679022,1,30/11/2002,WIRT,O008874923542,,,Bromley,2021
756853,2,23/06/2006,BOTH,C097398776303,,,Southwark,2019
159388,2,11/04/2005,WROM,Q056192525057,,,Hillingdon,2017
266650,1,11/09/2006,APKN,Y007951826550,,,Bromley,2020
604407,1,30/05/2008,BAFR,B079431354612,,,Southwark,2021
960186,2,14/01/2007,MWBA,F041131784225,,,Southwark,2019
406846,2,17/04/2009,MWBC,W043370432142,,,Southwark,2021
496063,2,04/04/2007,ABAN,D095980736334,,,Southwark,2020
633285,1,09/09/2006,WROM,N051625436170,,,Southwark,2020
814087,1,03/07/2007,BCRB,T040175073106,,,Southwark,2018
16960,1,12/03/2009,APKN,V024089230359,,,Bromley,2019
295116,2,31/08/2006,MOTH,X091944716008,,,Southwark,2018
297403,2,21/12/2004,AOTH,Y044995074588,,,Southwark,2018
309655,1,04/06/2006,REFU,A072993740270,,,Southwark,2020
636479,2,15/07/2008,MWAS,I021092728856,,,Hillingdon,2019
588334,2,30/05/2002,AOTH,D044329249646,,,Southwark,2018
571007,2,22/09/2009,AOTH,X004460631323,,,Southwark,2017
869102,1,03/12/2008,WIRI,X078063122799,,,Bromley,2020
988280,2,09/04/2008,AOTH,P008164917573,,,Bromley,2021
790932,2,19/05/2007,AIND,F071705499395,,,Bromley,2020
247698,2,18/05/2004,WBRI,L073046772523,,,Hillingdon,2017
975004,1,06/10/2008,MWBA,Z055305609394,,,Southwark,2018
528962,2,10/11/2004,BAFR,T061793193706,,,Bromley,2020
88024,1,05/02/2008,MWAS,S051040920649,,,Southwark,2017
827864,1,05/02/2002,WIRT,R046681309258,,,Southwark,2019
569582,2,31/03/2005,MOTH,B077382719036,,,Bromley,2020
62551,2,18/03/2005,OOTH,R084010198416,,,Bromley,2019
185992,2,29/07/2009,BAFR,U054252063976,,,Bromley,2017
225242,2,27/11/2005,AIND,E024501213825,,,Bromley,2019
158853,2,11/04/2008,WBRI,E043584864318,,,Southwark,2020
53693,1,28/12/2007,MWBA,E072016439902,,,Southwark,2021
168196,1,12/10/2009,APKN,L066695746570,,,Southwark,2021
637234,2,07/08/2006,APKN,G014513081279,,,Southwark,2019
406894,2,15/08/2002,ABAN,V019456276394,,,Southwark,2018
721638,2,03/07/2009,WIRT,G008792854228,,,Hillingdon,2020
525420,1,12/12/2009,WOTH,R041861435456,,,Bromley,2019
711196,2,17/07/2005,APKN,D043851960232,,,Southwark,2021
457493,2,09/06/2007,WOTH,T049797830770,,,Southwark,2020
230591,2,15/04/2009,MWBC,A067433156499,,,Bromley,2021
718139,1,25/12/2008,MOTH,Y045825008717,,,Hillingdon,2021
955207,1,22/10/2008,OOTH,W018324324781,,,Southwark,2020
158809,2,19/09/2006,WROM,I080683999830,,,Hillingdon,2020
374015,1,26/11/2008,BOTH,R026374952883,,,Southwark,2017
420870,2,13/09/2005,WIRI,S036567914789,,,Bromley,2018
748243,1,01/10/2007,AIND,W059468322032,,,Southwark,2021
227758,1,23/04/2003,MWBC,R052046819237,,,Hillingdon,2021
184159,1,19/09/2007,BOTH,D099660751122,,,Hillingdon,2021
814528,1,17/07/2004,REFU,I011102004022,,,Hillingdon,2017
439481,2,17/04/2007,WBRI,J016387031321,,,Bromley,2020
725812,2,21/11/2006,WBRI,P002971600776,,,Bromley,2021
735996,1,05/10/2007,WROM,C009844470867,,,Southwark,2018
424048,2,28/04/2004,WIRI,K052262191905,,,Hillingdon,2021
502939,1,08/07/2005,AOTH,J006324372711,,,Hillingdon,2021
536074,2,05/11/2008,WIRI,O071080534225,,,Southwark,2019
731959,2,29/09/2007,WOTH,R061705640248,,,Hillingdon,2018
370716,1,21/07/2009,WOTH,S085294584266,,,Southwark,2018
279171,1,15/01/2008,MOTH,Y090960052228,,,Bromley,2019
99151,1,27/12/2005,REFU,V026071191052,,,Bromley,2021
87408,2,09/01/2005,MOTH,P019403841816,,,Hillingdon,2018
204727,1,17/03/2006,APKN,X017180369396,,,Southwark,2019
604939,2,25/01/2005,BCRB,J094995647415,,,Hillingdon,2018
96146,1,28/01/2009,REFU,M077031628515,,,Southwark,2018
442009,2,17/02/2004,NOBT,B000162331256,,,Hillingdon,2017
557029,2,04/01/2007,AIND,T099634773040,,,Hillingdon,2020
479556,1,15/04/2006,MWBA,A054171871308,,,Southwark,2021
506970,1,18/12/2009,BAFR,E076150921231,,,Bromley,2018
745426,2,03/10/2007,APKN,Q051556941170,,,Southwark,2021
462241,1,09/07/2003,NOBT,O059307399715,,,Bromley,2021
737153,1,31/05/2003,WOTH,S091529097102,,,Southwark,2018
464233,1,31/03/2005,WIRT,Z026566439651,,,Southwark,2018
994928,1,01/02/2005,WROM,G039321116055,,,Hillingdon,2017
842080,2,14/05/2007,WROM,E036647976521,,,Bromley,2019
386356,1,23/08/2008,BAFR,H047853649807,,,Southwark,2021
291083,2,10/08/2006,MWBA,M090388820257,,,Southwark,2017
673034,2,12/02/2008,MWAS,H057704240760,,,Southwark,2019
5955,1,19/08/2009,BAFR,J068827775173,,,Southwark,2019
99273,1,03/07/2005,REFU,Y085151664331,,,Southwark,2018
775675,2,02/04/2006,BOTH,J070382886759,,,Southwark,2018
610489,2,24/05/2006,APKN,T037978312243,,,Hillingdon,2020
719836,2,30/07/2005,BAFR,V088817270605,,,Southwark,2018
991189,1,20/05/2006,WBRI,S015033405894,,,Hillingdon,2018
472130,1,04/02/2004,MWBA,B023555825835,,,Bromley,2020
210846,2,09/11/2007,WOTH,A011305635661,,,Southwark,2018
187276,1,02/09/2006,AOTH,A030266826026,,,Southwark,2018
70974,2,22/12/2008,MOTH,W043187278370,,,Southwark,2019
489455,2,31/08/2008,OOTH,F011477533389,,,Southwark,2020
359195,2,09/02/2009,AIND,I038100633233,,,Southwark,2017
418846,1,26/08/2009,APKN,Y083756633299,,,Southwark,2019
893365,2,06/09/2003,MOTH,B069232251370,,,Southwark,2021
831429,2,26/12/2009,OOTH,P085918211744,,,Hillingdon,2021
411707,2,28/10/2008,MOTH,A077301877588,,,Southwark,2017
414521,2,14/10/2009,CHNE,I073964300941,,,Bromley,2021
388154,2,11/06/2008,BOTH,V023158284458,,,Southwark,2021
279660,2,09/02/2009,OOTH,U097932615128,,,Bromley,2021
629831,2,04/10/2007,BAFR,J093468576125,,,Bromley,2017
63975,2,09/12/2006,CHNE,N003600836325,,,Southwark,2019
460752,2,14/11/2008,OOTH,R089951240129,,,Bromley,2018
425538,1,23/08/2009,WROM,M095814341035,,,Hillingdon,2021
164592,2,03/10/2004,MOTH,D061467442844,,,Bromley,2020
838434,2,12/07/2006,CHNE,J082515354925,,,Southwark,2020
294875,1,01/03/2004,MWBA,F062141812188,,,Southwark,2021
895808,1,26/01/2009,BAFR,G000052982093,,,Hillingdon,2017
546571,2,04/05/2003,NOBT,O097325077435,,,Bromley,2017
275069,2,21/02/2008,REFU,C047233588915,,,Hillingdon,2021
216649,2,22/04/2004,WIRT,M094850983577,,,Hillingdon,2021
755819,2,30/08/2008,CHNE,C098641532391,,,Hillingdon,2021
970280,2,02/07/2007,NOBT,E037689757645,,,Bromley,2018
948155,1,25/11/2006,WIRI,N057905873205,,,Southwark,2021
397023,2,24/02/2003,OOTH,W009792898792,,,Southwark,2021
422617,2,08/07/2005,NOBT,F001088721722,,,Southwark,2017
536218,1,25/07/2009,OOTH,B080852841567,,,Hillingdon,2018
871945,1,22/01/2006,APKN,L066704408874,,,Southwark,2018
92150,2,31/07/2008,ABAN,X075537188636,,,Bromley,2017
719756,1,27/03/2008,WOTH,G002637750426,,,Southwark,2017
533989,2,27/11/2002,MWAS,K082258907992,,,Hillingdon,2017
731704,2,31/12/2007,AIND,G012866603948,,,Southwark,2018
236096,2,28/11/2008,MWBA,Y043116630012,,,Southwark,2018
146596,2,04/11/2003,WIRT,T084635363492,,,Southwark,2020
46269,2,23/11/2009,REFU,G040660869968,,,Hillingdon,2021
905870,1,24/05/2002,BCRB,M000534024714,,,Bromley,2020
278501,2,20/01/2009,WROM,R014360234551,,,Bromley,2020
140302,1,16/03/2004,WIRI,Q043462748535,,,Bromley,2017
122983,1,09/03/2006,AOTH,R029520689140,,,Southwark,2018
433741,2,05/09/2007,MWAS,R006732373718,,,Bromley,2021
109036,2,22/09/2004,OOTH,C023816763637,,,Southwark,2017
519059,1,14/08/2005,MOTH,L062252004368,,,Hillingdon,2017
127822,2,14/01/2007,WIRT,G082529607502,,,Bromley,2019
720102,1,07/09/2007,AIND,N089185129229,,,Bromley,2019
986890,2,23/10/2003,MOTH,N012106758458,,,Bromley,2021
625004,1,15/03/2008,WROM,F011614995802,,,Southwark,2021
951716,1,01/02/2007,WOTH,H028653313898,,,Southwark,2019
601190,1,03/04/2007,APKN,Y054967331703,,,Bromley,2017
871541,2,22/08/2009,OOTH,B079212267334,,,Bromley,2021
948010,1,18/11/2006,WROM,Y089162837635,,,Bromley,2018
992331,2,05/01/2006,BAFR,Q000523888240,,,Bromley,2018
647811,1,24/05/2006,MOTH,Y003283235498,,,Bromley,2020
109200,2,09/08/2008,ABAN,N053378718909,,,Bromley,2021
583209,1,02/07/2009,WROM,H031895823080,,,Hillingdon,2020
582902,1,13/02/2006,APKN,A010069569335,,,Bromley,2018
73142,1,14/04/2006,WROM,B090324946866,,,Bromley,2021
893776,1,03/11/2002,AOTH,E090439226140,,,Southwark,2020
978638,1,03/02/2005,WIRI,W042007626395,,,Hillingdon,2018
617686,2,28/11/2006,BOTH,W073455076868,,,Southwark,2021
19259,2,08/08/2007,WROM,K053655532422,,,Hillingdon,2020
326293,1,28/08/2009,AOTH,H050087712692,,,Southwark,2021
549023,2,05/07/2005,APKN,P019900227986,,,Southwark,2017
118889,2,16/06/2004,BAFR,H073378260636,,,Hillingdon,2021
681893,2,14/10/2005,BOTH,B051123714342,,,Southwark,2017
306870,1,26/10/2003,REFU,O001367587323,,,Bromley,2021
729233,2,07/12/2007,OOTH,G004964948238,,,Southwark,2019
357220,1,30/07/2005,MWBA,X085070923823,,,Bromley,2018
840802,1,02/12/2005,AOTH,O047182337980,,,Bromley,2019
952289,1,15/02/2009,WBRI,A093384733452,,,Hillingdon,2019
530282,1,29/04/2007,WIRI,G024242807169,,,Bromley,2020
584671,2,06/08/2008,ABAN,Q072271036671,,,Bromley,2020
673935,2,11/11/2007,WBRI,L095168493623,,,Southwark,2021
198564,1,24/10/2005,MWAS,P047275123481,,,Southwark,2017
373218,2,06/08/2009,WIRT,H032761928047,,,Hillingdon,2019
289121,1,09/10/2006,AOTH,U090716398126,,,Bromley,2019
482840,2,14/01/2005,BOTH,A085653112086,,,Bromley,2021
850847,2,05/10/2003,APKN,K082991898219,,,Southwark,2018
355602,1,13/02/2004,WBRI,G080686046097,,,Bromley,2020
311063,1,28/05/2009,WIRT,B007827604339,,,Southwark,2018
218168,2,11/07/2004,MWAS,M058030200934,,,Hillingdon,2018
711540,1,30/03/2004,BAFR,O017666959736,,,Bromley,2018
737726,2,17/05/2008,CHNE,L058670690614,,,Southwark,2020
648057,1,28/06/2009,CHNE,R040595683488,,,Southwark,2018
866837,1,27/09/2002,OOTH,K098828333896,,,Southwark,2019
694922,1,19/07/2002,REFU,P094406480310,,,Bromley,2019
793347,1,17/10/2003,WOTH,G026331179666,,,Southwark,2019
255201,1,23/11/2007,WIRT,A001522546263,,,Bromley,2021
928597,2,29/07/2007,MOTH,E056717634618,,,Southwark,2017
262711,2,14/09/2007,REFU,S081687881585,,,Bromley,2019
693410,2,24/12/2003,WIRI,R004144869739,,,Bromley,2021
266902,1,02/05/2004,WROM,N052049038197,,,Bromley,2018
214178,1,12/09/2002,NOBT,P047203921014,,,Hillingdon,2019
830338,1,24/05/2006,AIND,X003972288085,,,Hillingdon,2018
632442,1,20/01/2005,MOTH,O071795789800,,,Bromley,2020
836643,2,22/11/2004,MOTH,I030369349411,,,Southwark,2020
195764,2,21/02/2004,WROM,H049429355439,,,Southwark,2017
909944,1,13/04/2002,WIRI,J023829992196,,,Southwark,2017
440549,2,03/12/2006,MWBA,B064037441287,,,Hillingdon,2020
910378,1,13/12/2009,MWAS,B023913612090,,,Hillingdon,2019
21847,1,13/02/2004,WROM,Z011993524554,,,Southwark,2021
413915,2,01/11/2002,AIND,P031181789343,,,Southwark,2019
631575,1,22/10/2008,WROM,E099716520476,,,Southwark,2017
192668,1,07/07/2005,MWBC,N000335584658,,,Hillingdon,2021
184308,1,01/06/2004,OOTH,F046420651728,,,Hillingdon,2017
393387,2,29/01/2006,WIRI,Z058876807681,,,Southwark,2018
453572,2,27/06/2004,MOTH,I026508187722,,,Bromley,2020
6415,1,29/08/2006,AIND,F033988734163,,,Southwark,2020
629818,1,11/08/2002,WIRT,M008861077199,,,Hillingdon,2017
648222,1,16/04/2003,WBRI,N051938630525,,,Bromley,2018
380303,2,19/06/2005,BOTH,X086286406785,,,Southwark,2021
143799,2,24/02/2008,REFU,N099059840895,,,Hillingdon,2020
101362,1,12/02/2008,MWBA,M099454790630,,,Bromley,2021
679728,2,17/05/2002,BOTH,D058339201817,,,Hillingdon,2019
802543,2,05/04/2003,MOTH,O055717133865,,,Southwark,2018
612940,1,24/11/2005,WOTH,A003822305686,,,Bromley,2018
717687,2,24/06/2004,WOTH,N011344330592,,,Southwark,2018
106241,1,24/12/2006,OOTH,U024318220169,,,Bromley,2021
420134,1,01/11/2002,MWAS,S031429852674,,,Southwark,2020
688239,2,09/05/2009,WOTH,B027288022182,,,Hillingdon,2019
822438,2,26/02/2004,ABAN,W037742180756,,,Hillingdon,2020
795289,2,26/03/2009,WBRI,G001550240323,,,Hillingdon,2019
479546,2,20/06/2004,WROM,T023616009919,,,Southwark,2018
878043,2,13/10/2002,AIND,P002609187593,,,Southwark,2018
836390,1,04/02/2006,MWBC,W045004812806,,,Bromley,2021
285207,1,06/11/2006,MWBC,J057682867771,,,Southwark,2020
208004,1,10/08/2008,OOTH,V073576679486,,,Southwark,2021
567517,1,12/03/2005,WIRI,L053339980268,,,Southwark,2020
86668,2,04/02/2007,AOTH,Y077084356283,,,Hillingdon,2019
369699,2,10/07/2009,AOTH,O025381805764,,,Hillingdon,2017
853697,1,23/09/2004,WBRI,X099732345480,,,Southwark,2018
534492,2,17/08/2006,MOTH,Y048194690939,,,Bromley,2017
994285,2,13/01/2006,MWAS,P011370238806,,,Southwark,2018
372509,2,23/07/2009,CHNE,B094429243485,,,Hillingdon,2021
655772,2,04/07/2005,WBRI,W081625066459,,,Bromley,2021
163267,2,09/07/2007,ABAN,V094699942403,,,Southwark,2019
610919,1,04/06/2002,BAFR,M073610154144,,,Hillingdon,2019
379507,2,12/08/2003,OOTH,T026518202090,,,Southwark,2019
245022,2,30/05/2004,BOTH,R028495108112,,,Bromley,2020
979997,1,26/08/2006,BOTH,W040869565659,,,Southwark,2017
933360,1,16/06/2007,BOTH,P008714621502,,,Bromley,2019
442704,1,22/09/2003,REFU,S075767370222,,,Southwark,2020
687605,2,19/05/2009,AIND,O058569223152,,,Southwark,2021
954202,2,10/09/2004,AOTH,X051743978002,,,Bromley,2019
221218,2,26/06/2006,APKN,V011325960248,,,Hillingdon,2017
362033,2,16/08/2004,WIRT,D060707064018,,,Southwark,2020
34153,2,29/07/2008,WROM,B074698293514,,,Southwark,2020
447690,1,10/03/2008,AOTH,N042829836086,,,Bromley,2021
571830,2,04/03/2005,MWAS,F010619698203,,,Bromley,2019
656076,1,04/09/2007,BAFR,C014158485608,,,Southwark,2017
159388,2,11/04/2005,WROM,Q056192525057,,,Hillingdon,2017
266650,1,11/09/2006,APKN,Y007951826550,,,Bromley,2019
604407,1,30/05/2008,BAFR,B079431354612,,,Southwark,2019
406846,2,17/04/2009,MWBC,W043370432142,,,Southwark,2021
496063,2,04/04/2007,ABAN,D095980736334,,,Southwark,2019
814087,1,03/07/2007,BCRB,T040175073106,,,Southwark,2018
16960,1,12/03/2009,APKN,V024089230359,,,Bromley,2019
295116,2,31/08/2006,MOTH,X091944716008,,,Southwark,2017
297403,2,21/12/2004,AOTH,Y044995074588,,,Southwark,2021
309655,1,04/06/2006,REFU,A072993740270,,,Southwark,2021
636479,2,15/07/2008,MWAS,I021092728856,,,Hillingdon,2021
588334,2,30/05/2002,AOTH,D044329249646,,,Southwark,2020
571007,2,22/09/2009,AOTH,X004460631323,,,Southwark,2018
869102,1,03/12/2008,WIRI,X078063122799,,,Bromley,2020
988280,2,09/04/2008,AOTH,P008164917573,,,Bromley,2020
247698,2,18/05/2004,WBRI,L073046772523,,,Hillingdon,2019
528962,2,10/11/2004,BAFR,T061793193706,,,Bromley,2017
88024,1,05/02/2008,MWAS,S051040920649,,,Southwark,2017
569582,2,31/03/2005,MOTH,B077382719036,,,Bromley,2019
62551,2,18/03/2005,OOTH,R084010198416,,,Bromley,2020
185992,2,29/07/2009,BAFR,U054252063976,,,Bromley,2019
225242,2,27/11/2005,AIND,E024501213825,,,Bromley,2018
158853,2,11/04/2008,WBRI,E043584864318,,,Southwark,2020
721638,2,03/07/2009,WIRT,G008792854228,,,Hillingdon,2018
525420,1,12/12/2009,WOTH,R041861435456,,,Bromley,2018
711196,2,17/07/2005,APKN,D043851960232,,,Southwark,2019
457493,2,09/06/2007,WOTH,T049797830770,,,Southwark,2019
230591,2,15/04/2009,MWBC,A067433156499,,,Bromley,2018
955207,1,22/10/2008,OOTH,W018324324781,,,Southwark,2020
420870,2,13/09/2005,WIRI,S036567914789,,,Bromley,2021
184159,1,19/09/2007,BOTH,D099660751122,,,Hillingdon,2020
814528,1,17/07/2004,REFU,I011102004022,,,Hillingdon,2020
439481,2,17/04/2007,WBRI,J016387031321,,,Bromley,2019
735996,1,05/10/2007,WROM,C009844470867,,,Southwark,2021
424048,2,28/04/2004,WIRI,K052262191905,,,Hillingdon,2020
536074,2,05/11/2008,WIRI,O071080534225,,,Southwark,2018
370716,1,21/07/2009,WOTH,S085294584266,,,Southwark,2017
279171,1,15/01/2008,MOTH,Y090960052228,,,Bromley,2019
87408,2,09/01/2005,MOTH,P019403841816,,,Hillingdon,2017
604939,2,25/01/2005,BCRB,J094995647415,,,Hillingdon,2018
557029,2,04/01/2007,AIND,T099634773040,,,Hillingdon,2018
479556,1,15/04/2006,MWBA,A054171871308,,,Southwark,2018
506970,1,18/12/2009,BAFR,E076150921231,,,Bromley,2020
745426,2,03/10/2007,APKN,Q051556941170,,,Southwark,2017
737153,1,31/05/2003,WOTH,S091529097102,,,Southwark,2019
464233,1,31/03/2005,WIRT,Z026566439651,,,Southwark,2018
994928,1,01/02/2005,WROM,G039321116055,,,Hillingdon,2019
842080,2,14/05/2007,WROM,E036647976521,,,Bromley,2018
386356,1,23/08/2008,BAFR,H047853649807,,,Southwark,2018
291083,2,10/08/2006,MWBA,M090388820257,,,Southwark,2020
5955,1,19/08/2009,BAFR,J068827775173,,,Southwark,2020
99273,1,03/07/2005,REFU,Y085151664331,,,Southwark,2019
610489,2,24/05/2006,APKN,T037978312243,,,Hillingdon,2021
991189,1,20/05/2006,WBRI,S015033405894,,,Hillingdon,2019
472130,1,04/02/2004,MWBA,B023555825835,,,Bromley,2017
210846,2,09/11/2007,WOTH,A011305635661,,,Southwark,2020
70974,2,22/12/2008,MOTH,W043187278370,,,Southwark,2018
489455,2,31/08/2008,OOTH,F011477533389,,,Southwark,2018
359195,2,09/02/2009,AIND,I038100633233,,,Southwark,2019
418846,1,26/08/2009,APKN,Y083756633299,,,Southwark,2019
893365,2,06/09/2003,MOTH,B069232251370,,,Southwark,2018
831429,2,26/12/2009,OOTH,P085918211744,,,Hillingdon,2021
411707,2,28/10/2008,MOTH,A077301877588,,,Southwark,2019
414521,2,14/10/2009,CHNE,I073964300941,,,Bromley,2020
388154,2,11/06/2008,BOTH,V023158284458,,,Southwark,2021
629831,2,04/10/2007,BAFR,J093468576125,,,Bromley,2020
63975,2,09/12/2006,CHNE,N003600836325,,,Southwark,2018
460752,2,14/11/2008,OOTH,R089951240129,,,Bromley,2020
425538,1,23/08/2009,WROM,M095814341035,,,Hillingdon,2020
164592,2,03/10/2004,MOTH,D061467442844,,,Bromley,2019
294875,1,01/03/2004,MWBA,F062141812188,,,Southwark,2021
895808,1,26/01/2009,BAFR,G000052982093,,,Hillingdon,2020
216649,2,22/04/2004,WIRT,M094850983577,,,Hillingdon,2017
755819,2,30/08/2008,CHNE,C098641532391,,,Hillingdon,2019
970280,2,02/07/2007,NOBT,E037689757645,,,Bromley,2018
422617,2,08/07/2005,NOBT,F001088721722,,,Southwark,2018
536218,1,25/07/2009,OOTH,B080852841567,,,Hillingdon,2017
871945,1,22/01/2006,APKN,L066704408874,,,Southwark,2020
92150,2,31/07/2008,ABAN,X075537188636,,,Bromley,2018
719756,1,27/03/2008,WOTH,G002637750426,,,Southwark,2021
731704,2,31/12/2007,AIND,G012866603948,,,Southwark,2018
236096,2,28/11/2008,MWBA,Y043116630012,,,Southwark,2018
46269,2,23/11/2009,REFU,G040660869968,,,Hillingdon,2021
278501,2,20/01/2009,WROM,R014360234551,,,Bromley,2019
140302,1,16/03/2004,WIRI,Q043462748535,,,Bromley,2021
433741,2,05/09/2007,MWAS,R006732373718,,,Bromley,2020
109036,2,22/09/2004,OOTH,C023816763637,,,Southwark,2020
127822,2,14/01/2007,WIRT,G082529607502,,,Bromley,2019
720102,1,07/09/2007,AIND,N089185129229,,,Bromley,2021
986890,2,23/10/2003,MOTH,N012106758458,,,Bromley,2017
625004,1,15/03/2008,WROM,F011614995802,,,Southwark,2017
951716,1,01/02/2007,WOTH,H028653313898,,,Southwark,2020
871541,2,22/08/2009,OOTH,B079212267334,,,Bromley,2018
948010,1,18/11/2006,WROM,Y089162837635,,,Bromley,2017
992331,2,05/01/2006,BAFR,Q000523888240,,,Bromley,2018
647811,1,24/05/2006,MOTH,Y003283235498,,,Bromley,2021
109200,2,09/08/2008,ABAN,N053378718909,,,Bromley,2021
583209,1,02/07/2009,WROM,H031895823080,,,Hillingdon,2018
978638,1,03/02/2005,WIRI,W042007626395,,,Hillingdon,2017
617686,2,28/11/2006,BOTH,W073455076868,,,Southwark,2018
19259,2,08/08/2007,WROM,K053655532422,,,Hillingdon,2017
326293,1,28/08/2009,AOTH,H050087712692,,,Southwark,2021
549023,2,05/07/2005,APKN,P019900227986,,,Southwark,2018
681893,2,14/10/2005,BOTH,B051123714342,,,Southwark,2019
306870,1,26/10/2003,REFU,O001367587323,,,Bromley,2019
729233,2,07/12/2007,OOTH,G004964948238,,,Southwark,2020
357220,1,30/07/2005,MWBA,X085070923823,,,Bromley,2018
840802,1,02/12/2005,AOTH,O047182337980,,,Bromley,2017
530282,1,29/04/2007,WIRI,G024242807169,,,Bromley,2021
584671,2,06/08/2008,ABAN,Q072271036671,,,Bromley,2019
673935,2,11/11/2007,WBRI,L095168493623,,,Southwark,2018
373218,2,06/08/2009,WIRT,H032761928047,,,Hillingdon,2019
482840,2,14/01/2005,BOTH,A085653112086,,,Bromley,2017
850847,2,05/10/2003,APKN,K082991898219,,,Southwark,2017
355602,1,13/02/2004,WBRI,G080686046097,,,Bromley,2017
311063,1,28/05/2009,WIRT,B007827604339,,,Southwark,2020
648057,1,28/06/2009,CHNE,R040595683488,,,Southwark,2017
793347,1,17/10/2003,WOTH,G026331179666,,,Southwark,2018
928597,2,29/07/2007,MOTH,E056717634618,,,Southwark,2018
262711,2,14/09/2007,REFU,S081687881585,,,Bromley,2020
693410,2,24/12/2003,WIRI,R004144869739,,,Bromley,2018
266902,1,02/05/2004,WROM,N052049038197,,,Bromley,2021
830338,1,24/05/2006,AIND,X003972288085,,,Hillingdon,2018
836643,2,22/11/2004,MOTH,I030369349411,,,Southwark,2018
195764,2,21/02/2004,WROM,H049429355439,,,Southwark,2021
21847,1,13/02/2004,WROM,Z011993524554,,,Southwark,2017
631575,1,22/10/2008,WROM,E099716520476,,,Southwark,2019
184308,1,01/06/2004,OOTH,F046420651728,,,Hillingdon,2017
453572,2,27/06/2004,MOTH,I026508187722,,,Bromley,2017
6415,1,29/08/2006,AIND,F033988734163,,,Southwark,2020
648222,1,16/04/2003,WBRI,N051938630525,,,Bromley,2018
380303,2,19/06/2005,BOTH,X086286406785,,,Southwark,2018
143799,2,24/02/2008,REFU,N099059840895,,,Hillingdon,2017
106241,1,24/12/2006,OOTH,U024318220169,,,Bromley,2017
688239,2,09/05/2009,WOTH,B027288022182,,,Hillingdon,2018
822438,2,26/02/2004,ABAN,W037742180756,,,Hillingdon,2021
795289,2,26/03/2009,WBRI,G001550240323,,,Hillingdon,2021
479546,2,20/06/2004,WROM,T023616009919,,,Southwark,2020
285207,1,06/11/2006,MWBC,J057682867771,,,Southwark,2017
369699,2,10/07/2009,AOTH,O025381805764,,,Hillingdon,2019
853697,1,23/09/2004,WBRI,X099732345480,,,Southwark,2021
534492,2,17/08/2006,MOTH,Y048194690939,,,Bromley,2018
994285,2,13/01/2006,MWAS,P011370238806,,,Southwark,2019
372509,2,23/07/2009,CHNE,B094429243485,,,Hillingdon,2019
379507,2,12/08/2003,OOTH,T026518202090,,,Southwark,2017
245022,2,30/05/2004,BOTH,R028495108112,,,Bromley,2020
979997,1,26/08/2006,BOTH,W040869565659,,,Southwark,2018
933360,1,16/06/2007,BOTH,P008714621502,,,Bromley,2021
687605,2,19/05/2009,AIND,O058569223152,,,Southwark,2021
954202,2,10/09/2004,AOTH,X051743978002,,,Bromley,2020
221218,2,26/06/2006,APKN,V011325960248,,,Hillingdon,2019
34153,2,29/07/2008,WROM,B074698293514,,,Southwark,2020
656076,1,04/09/2007,BAFR,C014158485608,,,Southwark,2018
159388,2,11/04/2005,WROM,Q056192525057,,,Hillingdon,2019
266650,1,11/09/2006,APKN,Y007951826550,,,Bromley,2021
406846,2,17/04/2009,MWBC,W043370432142,,,Southwark,2018
496063,2,04/04/2007,ABAN,D095980736334,,,Southwark,2019
16960,1,12/03/2009,APKN,V024089230359,,,Bromley,2017
295116,2,31/08/2006,MOTH,X091944716008,,,Southwark,2021
297403,2,21/12/2004,AOTH,Y044995074588,,,Southwark,2021
988280,2,09/04/2008,AOTH,P008164917573,,,Bromley,2019
247698,2,18/05/2004,WBRI,L073046772523,,,Hillingdon,2018
569582,2,31/03/2005,MOTH,B077382719036,,,Bromley,2018
